title	digital	status	existing_match	tmdbId	year	notes
A Christmas Story	Fandango | Movies Anywhere	MATCH_EXISTING	A Christmas Story	850	1983	
A League of Their Own	Fandango | Movies Anywhere	MATCH_EXISTING	A League of Their Own	11287	1992	
A Star Is Born	Fandango | Movies Anywhere	MATCH_EXISTING	A Star Is Born	332562	2018	
A Very Harold & Kumar Christmas	Fandango | Movies Anywhere	MATCH_EXISTING	A Very Harold & Kumar Christmas	55465	2011	Title variant normalized to existing movie record; per your rule, assume same version.
A-Team, The	Fandango | Movies Anywhere	MATCH_EXISTING	A-Team, The	34544	2010	
Abraham Lincoln: Vampire Hunter	Fandango | Movies Anywhere	MATCH_EXISTING	Abraham Lincoln: Vampire Hunter	72331	2012	
Accountant 2, The	Fandango	MATCH_EXISTING	Accountant 2, The	870028	2025	
Accountant, The	Fandango | Movies Anywhere	MATCH_EXISTING	Accountant, The	302946	2016	
Across the Universe	Fandango | Movies Anywhere	MATCH_EXISTING	Across the Universe	4688	2007	
Amazing Spider-Man, The	Fandango | Movies Anywhere	MATCH_EXISTING	Amazing Spider-Man, The	1930	2012	
Aquaman	Fandango | Movies Anywhere	MATCH_EXISTING	Aquaman	297802	2018	
Batman Begins	Fandango | Movies Anywhere	MATCH_EXISTING	Batman Begins	272	2005	
Batman v Superman: Dawn of Justice	Fandango | Movies Anywhere | Prime	MATCH_EXISTING	Batman v Superman: Dawn of Justice	209112	2016	
Batman, The	Fandango | Movies Anywhere	MATCH_EXISTING	Batman, The	414906	2022	
Baywatch	Fandango	MATCH_EXISTING	Baywatch	339846	2017	
Beauty and the Beast	Fandango | Movies Anywhere	MATCH_EXISTING	Beauty and the Beast	321612	2017	
Beekeeper, The	Fandango	MATCH_EXISTING	Beekeeper, The	866398	2024	
Begin Again	Fandango | Movies Anywhere	MATCH_EXISTING	Begin Again	198277	2014	
Best Christmas Pageant Ever, The	Fandango | Movies Anywhere	MATCH_EXISTING	Best Christmas Pageant Ever, The	1206617	2024	
Bodyguard, The	Fandango | Movies Anywhere	MATCH_EXISTING	Bodyguard, The	619	1992	
Bourne Identity, The	Fandango | Movies Anywhere	MATCH_EXISTING	Bourne Identity, The	2501	2002	
Bourne Legacy, The	Fandango | Movies Anywhere	MATCH_EXISTING	Bourne Legacy, The	49040	2012	
Bourne Supremacy, The	Fandango | Movies Anywhere	MATCH_EXISTING	Bourne Supremacy, The	2502	2004	
Bourne Ultimatum, The	Fandango | Movies Anywhere	MATCH_EXISTING	Bourne Ultimatum, The	2503	2007	
Brave	Fandango | Movies Anywhere	MATCH_EXISTING	Brave	62177	2012	
Bullet to the Head	Fandango | Movies Anywhere	MATCH_EXISTING	Bullet to the Head	70074	2012	
Christmas with the Kranks	Fandango | Movies Anywhere	MATCH_EXISTING	Christmas with the Kranks	13673	2004	
Cinderella	Fandango	MATCH_EXISTING	Cinderella	150689	2015	Title variant normalized to existing movie record; per your rule, assume same version.
Creed	Fandango	MATCH_EXISTING	Creed	312221	2015	
Creed II	Fandango	MATCH_EXISTING	Creed II	480530	2018	
Creed III	Fandango	MATCH_EXISTING	Creed III	677179	2023	
Dark Knight Rises, The	Fandango | Movies Anywhere	MATCH_EXISTING	Dark Knight Rises, The	49026	2012	
Dark Knight, The	Fandango | Movies Anywhere	MATCH_EXISTING	Dark Knight, The	155	2008	
Dawn of the Planet of the Apes	Fandango | Movies Anywhere	MATCH_EXISTING	Dawn of the Planet of the Apes	119450	2014	
Deadpool	Fandango | Movies Anywhere	MATCH_EXISTING	Deadpool	293660	2016	
Demolition Man	Fandango | Movies Anywhere	MATCH_EXISTING	Demolition Man	9739	1993	
Devil Wears Prada, The	Fandango | Movies Anywhere	MATCH_EXISTING	Devil Wears Prada, The	350	2006	
Die Hard 5: A Good Day to Die Hard	Fandango | Movies Anywhere	MATCH_EXISTING	Die Hard 5: A Good Day to Die Hard	47964	2013	Title variant normalized to existing movie record; per your rule, assume same version.
Divergent Saga: Allegiant	Fandango	MATCH_EXISTING	Divergent Saga: Allegiant	262504	2016	Title variant normalized to existing movie record; per your rule, assume same version.
Divergent Saga: Insurgent	Fandango	MATCH_EXISTING	Divergent Saga: Insurgent	262500	2015	Title variant normalized to existing movie record; per your rule, assume same version.
Dredd	Fandango | Movies Anywhere	MATCH_EXISTING	Dredd	49049	2012	
Dumb and Dumber To	Fandango | Movies Anywhere	MATCH_EXISTING	Dumb and Dumber To	100042	2014	
Elf	Fandango | Movies Anywhere	MATCH_EXISTING	Elf	10719	2003	
Ender's Game	Fandango	MATCH_EXISTING	Ender's Game	80274	2013	
Expendables 2, The	Fandango | Movies Anywhere	MATCH_EXISTING	Expendables 2, The	76163	2012	Title variant normalized to existing movie record; per your rule, assume same version.
Expendables, The	Fandango | Movies Anywhere	MATCH_EXISTING	Expendables, The	27578	2010	Title variant normalized to existing movie record; per your rule, assume same version.
Fast & Furious: Fast 6	Fandango | Movies Anywhere	MATCH_EXISTING	Fast & Furious: Fast 6	82992	2013	Title variant normalized to existing movie record; per your rule, assume same version.
Field of Dreams	Fandango | Movies Anywhere	MATCH_EXISTING	Field of Dreams	2323	1989	
Final Destination	Fandango | Movies Anywhere	MATCH_EXISTING	Final Destination	9532	2000	
Final Destination 2	Fandango | Movies Anywhere	MATCH_EXISTING	Final Destination 2	9358	2003	
Flash, The	Fandango | Movies Anywhere	MATCH_EXISTING	Flash, The	298618	2023	Title variant normalized to existing movie record; per your rule, assume same version.
Frozen	Fandango | Movies Anywhere	MATCH_EXISTING	Frozen	109445	2013	
G.I. Joe: Retaliation	Fandango	MATCH_EXISTING	G.I. Joe: Retaliation	72559	2013	
Ghostbusters	Fandango | Prime	MATCH_EXISTING	Ghostbusters	620	1984	
Girl with the Dragon Tattoo, The	Fandango | Movies Anywhere	MATCH_EXISTING	Girl with the Dragon Tattoo, The	65754	2011	
Gladiator	Fandango	MATCH_EXISTING	Gladiator	98	2000	
Greatest Showman, The	Fandango | Movies Anywhere	MATCH_EXISTING	Greatest Showman, The	316029	2017	
Grinch, The	Fandango | Movies Anywhere	MATCH_EXISTING	Grinch, The	360920	2018	
Grown Ups 2	Fandango | Movies Anywhere	MATCH_EXISTING	Grown Ups 2	109418	2013	
Grudge Match	Fandango | Movies Anywhere	MATCH_EXISTING	Grudge Match	64807	2013	
Guardians of the Galaxy Vol. 2	Fandango | Movies Anywhere	MATCH_EXISTING	Guardians of the Galaxy Vol. 2	283995	2017	
Harry Potter and the Chamber of Secrets	Fandango | Movies Anywhere	MATCH_EXISTING	Harry Potter and the Chamber of Secrets	672	2002	
Harry Potter and the Deathly Hallows: Part 1	Fandango | Movies Anywhere	MATCH_EXISTING	Harry Potter and the Deathly Hallows: Part 1	12444	2010	
Harry Potter and the Deathly Hallows: Part 2	Fandango | Movies Anywhere	MATCH_EXISTING	Harry Potter and the Deathly Hallows: Part 2	12445	2011	Title variant normalized to existing movie record; per your rule, assume same version.
Harry Potter and the Goblet of Fire	Fandango | Movies Anywhere	MATCH_EXISTING	Harry Potter and the Goblet of Fire	674	2005	
Harry Potter and the Half-Blood Prince	Fandango | Movies Anywhere	MATCH_EXISTING	Harry Potter and the Half-Blood Prince	767	2009	Title variant normalized to existing movie record; per your rule, assume same version.
Harry Potter and the Order of the Phoenix	Fandango | Movies Anywhere	MATCH_EXISTING	Harry Potter and the Order of the Phoenix	675	2007	
Harry Potter and the Prisoner of Azkaban	Fandango | Movies Anywhere	MATCH_EXISTING	Harry Potter and the Prisoner of Azkaban	673	2004	
Harry Potter and the Sorcerer's Stone	Fandango | Movies Anywhere	MATCH_EXISTING	Harry Potter and the Sorcerer's Stone			
Heat, The	Fandango | Movies Anywhere	MATCH_EXISTING	Heat, The	136795	2013	
Holdovers, The	Fandango | Movies Anywhere	MATCH_EXISTING	Holdovers, The	840430	2023	Title variant normalized to existing movie record; per your rule, assume same version.
Holiday, The	Fandango | Movies Anywhere	MATCH_EXISTING	Holiday, The	1581	2006	
Horrible Bosses	Fandango | Movies Anywhere	MATCH_EXISTING	Horrible Bosses	51540	2011	
How the Grinch Stole Christmas	Fandango | Movies Anywhere	MATCH_EXISTING	How the Grinch Stole Christmas	8871	2000	Digital title/edition normalized into existing movie record.
Hunger Games, The	Fandango | Movies Anywhere	MATCH_EXISTING	Hunger Games, The	70160	2012	
Hunger Games: Catching Fire, The	Fandango	MATCH_EXISTING	Hunger Games: Catching Fire, The	101299	2013	
Hunger Games: Mockingjay - Part 1, The	Fandango	MATCH_EXISTING	Hunger Games: Mockingjay - Part 1, The	131631	2014	Title variant normalized to existing movie record; per your rule, assume same version.
Hunger Games: Mockingjay - Part 2, The	Fandango | Movies Anywhere	MATCH_EXISTING	Hunger Games: Mockingjay - Part 2, The	131634	2015	Title variant normalized to existing movie record; per your rule, assume same version.
Ice Age	Fandango | Movies Anywhere	MATCH_EXISTING	Ice Age	425	2002	
In Bruges	Fandango | Movies Anywhere	MATCH_EXISTING	In Bruges	8321	2008	
Inception	Fandango | Movies Anywhere	MATCH_EXISTING	Inception	27205	2010	
Incredible Burt Wonderstone, The	Fandango | Movies Anywhere | Prime	MATCH_EXISTING	Incredible Burt Wonderstone, The	124459	2013	Digital title/edition normalized into existing movie record.
Inside Out	Fandango | Movies Anywhere	MATCH_EXISTING	Inside Out	150540	2015	
Iron Man 3	Fandango | Movies Anywhere	MATCH_EXISTING	Iron Man 3	68721	2013	
Jerry Maguire	Fandango | Movies Anywhere	MATCH_EXISTING	Jerry Maguire	9390	1996	
Jingle All the Way	Fandango | Movies Anywhere	MATCH_EXISTING	Jingle All the Way	9279	1996	
John Wick	Fandango | Movies Anywhere	MATCH_EXISTING	John Wick	245891	2014	
John Wick: Chapter 2	Fandango | Movies Anywhere | Prime	MATCH_EXISTING	John Wick: Chapter 2	324552	2017	Title variant normalized to existing movie record; per your rule, assume same version.
John Wick: Chapter 3 - Parabellum	Fandango	MATCH_EXISTING	John Wick: Chapter 3 - Parabellum	458156	2019	
John Wick: Chapter 4	Fandango	MATCH_EXISTING	John Wick: Chapter 4	603692	2023	
Jumanji: The Next Level	Fandango | Movies Anywhere	MATCH_EXISTING	Jumanji: The Next Level	512200	2019	
Jumanji: Welcome to the Jungle	Fandango | Movies Anywhere	MATCH_EXISTING	Jumanji: Welcome to the Jungle	353486	2017	
Jurassic Park	Fandango | Movies Anywhere	MATCH_EXISTING	Jurassic Park	329	1993	
Jurassic Park III	Fandango | Movies Anywhere	MATCH_EXISTING	Jurassic Park III	331	2001	
Jurassic World	Fandango | Movies Anywhere	MATCH_EXISTING	Jurassic World	135397	2015	
Jurassic World Dominion	Fandango | Movies Anywhere	MATCH_EXISTING	Jurassic World Dominion	507086	2022	
Jurassic World: Fallen Kingdom	Fandango | Movies Anywhere	MATCH_EXISTING	Jurassic World: Fallen Kingdom	351286	2018	
Justice League	Fandango | Movies Anywhere	MATCH_EXISTING	Justice League	141052	2017	
Kick-Ass	Fandango | Movies Anywhere	MATCH_EXISTING	Kick-Ass	23483	2010	
Kick-Ass 2	Fandango | Movies Anywhere	MATCH_EXISTING	Kick-Ass 2	59859	2013	
Kingsman: The Secret Service	Fandango | Movies Anywhere	MATCH_EXISTING	Kingsman: The Secret Service	207703	2015	
Knight and Day	Fandango | Movies Anywhere	MATCH_EXISTING	Knight and Day	37834	2010	
Last Holiday	Fandango	MATCH_EXISTING	Last Holiday	17379	2006	
Legends of the Fall	Fandango | Movies Anywhere	MATCH_EXISTING	Legends of the Fall	4476	1994	
Lego Batman Movie, The	Fandango | Movies Anywhere	MATCH_EXISTING	Lego Batman Movie, The	324849	2017	Title variant normalized to existing movie record; per your rule, assume same version.
Lego Movie 2: The Second Part, The	Fandango | Movies Anywhere	MATCH_EXISTING	Lego Movie 2: The Second Part, The	280217	2019	Title variant normalized to existing movie record; per your rule, assume same version.
Lego Movie, The	Fandango | Movies Anywhere	MATCH_EXISTING	Lego Movie, The	137106	2014	Title variant normalized to existing movie record; per your rule, assume same version.
Love Actually	Fandango | Movies Anywhere	MATCH_EXISTING	Love Actually	508	2003	
Love the Coopers	Fandango | Movies Anywhere	MATCH_EXISTING	Love the Coopers	333348	2015	
Maggie	Fandango | Movies Anywhere	MATCH_EXISTING	Maggie	287424	2015	
Major League	Fandango	MATCH_EXISTING	Major League	9942	1989	
Maleficent	Fandango | Movies Anywhere	MATCH_EXISTING	Maleficent	102651	2014	
Man of Steel	Fandango | Movies Anywhere	MATCH_EXISTING	Man of Steel	49521	2013	
Matchstick Men	Fandango | Movies Anywhere	MATCH_EXISTING	Matchstick Men	7270	2003	
Matrix, The	Fandango | Movies Anywhere	MATCH_EXISTING	Matrix, The	603	1999	
Mechanic, The	Fandango | Movies Anywhere	MATCH_EXISTING	Mechanic, The	27582	2011	
Meg 2: The Trench	Fandango | Movies Anywhere	MATCH_EXISTING	Meg 2: The Trench	615656	2023	
Meg, The	Fandango | Movies Anywhere	MATCH_EXISTING	Meg, The	345940	2018	
Mike and Dave Need Wedding Dates	Fandango | Movies Anywhere	MATCH_EXISTING	Mike and Dave Need Wedding Dates	316023	2016	
Minority Report	Fandango	MATCH_EXISTING	Minority Report	180	2002	
Mission: Impossible - Ghost Protocol	Fandango	MATCH_EXISTING	Mission: Impossible - Ghost Protocol	56292	2011	
Moneyball	Fandango | Movies Anywhere	MATCH_EXISTING	Moneyball	60308	2011	
Monsters, Inc.	Fandango	MATCH_EXISTING	Monsters, Inc.	585	2001	
Mortal Kombat	Fandango | Movies Anywhere	MATCH_EXISTING	Mortal Kombat	460465	2021	
Mr. Right	Fandango | Movies Anywhere	MATCH_EXISTING	Mr. Right	333385	2016	
Mummy Returns, The	Fandango | Movies Anywhere	MATCH_EXISTING	Mummy Returns, The	1734	2001	Title variant normalized to existing movie record; per your rule, assume same version.
Mummy, The	Fandango | Movies Anywhere	MATCH_EXISTING	Mummy, The	564	1999	Title variant normalized to existing movie record; per your rule, assume same version.
Mummy: Tomb of the Dragon Emperor, The	Fandango | Movies Anywhere	MATCH_EXISTING	Mummy: Tomb of the Dragon Emperor, The	1735	2008	Title variant normalized to existing movie record; per your rule, assume same version.
National Lampoon's Christmas Vacation	Fandango | Movies Anywhere	MATCH_EXISTING	National Lampoon's Christmas Vacation	5825	1989	
Natural, The	Fandango | Movies Anywhere	MATCH_EXISTING	Natural, The	11393	1984	Title variant normalized to existing movie record; per your rule, assume same version.
Night Before, The	Fandango | Movies Anywhere	MATCH_EXISTING	Night Before, The	38966	1988	Title variant normalized to existing movie record; per your rule, assume same version.
Now You See Me	Fandango | Movies Anywhere	MATCH_EXISTING	Now You See Me	75656	2013	
Now You See Me 2	Fandango | Movies Anywhere	MATCH_EXISTING	Now You See Me 2	291805	2016	
Now You See Me, Now You Don't	Fandango | Movies Anywhere	MATCH_EXISTING	Now You See Me, Now You Don't	425274	2025	
Ocean's 8	Fandango | Movies Anywhere	MATCH_EXISTING	Ocean's 8	402900	2018	
Ocean's Eleven	Fandango | Movies Anywhere | Prime	MATCH_EXISTING	Ocean's Eleven	161	2001	
Ocean's Thirteen	Fandango | Movies Anywhere	MATCH_EXISTING	Ocean's Thirteen	298	2007	
Ocean's Twelve	Fandango | Movies Anywhere	MATCH_EXISTING	Ocean's Twelve	163	2004	
Office Christmas Party	Fandango	MATCH_EXISTING	Office Christmas Party	384682	2016	
Pan	Fandango | Movies Anywhere	MATCH_EXISTING	Pan	266647	2015	
Pitch Perfect	Fandango | Movies Anywhere	MATCH_EXISTING	Pitch Perfect	114150	2012	
Pitch Perfect 2	Fandango | Movies Anywhere	MATCH_EXISTING	Pitch Perfect 2	254470	2015	
Pitch Perfect 3	Fandango | Movies Anywhere	MATCH_EXISTING	Pitch Perfect 3	353616	2017	
Planes, Trains and Automobiles	Fandango	MATCH_EXISTING	Planes, Trains and Automobiles	2609	1987	
Polar Express, The	Fandango | Movies Anywhere	MATCH_EXISTING	Polar Express, The	5255	2004	Title variant normalized to existing movie record; per your rule, assume same version.
Rambo	Fandango | Movies Anywhere	MATCH_EXISTING	Rambo	7555	2008	
Return to Never Land	Fandango	MATCH_EXISTING	Return to Never Land	16690	2002	
Riddick	Fandango | Movies Anywhere	MATCH_EXISTING	Riddick	87421	2013	
Rise of the Planet of the Apes	Fandango | Movies Anywhere	MATCH_EXISTING	Rise of the Planet of the Apes	61791	2011	
Rock of Ages	Fandango | Movies Anywhere	MATCH_EXISTING	Rock of Ages	80585	2012	
Rocky Balboa	Fandango	MATCH_EXISTING	Rocky Balboa	1246	2006	
Rounders	Prime	MATCH_EXISTING	Rounders	10220	1998	
Rudy	Fandango | Movies Anywhere	MATCH_EXISTING	Rudy	14534	1993	
Shazam!	Fandango | Movies Anywhere | Prime	MATCH_EXISTING	Shazam!	287947	2019	
Sherlock Holmes: A Game of Shadows	Fandango | Movies Anywhere	MATCH_EXISTING	Sherlock Holmes: A Game of Shadows	58574	2011	
Sing	Fandango | Movies Anywhere	MATCH_EXISTING	Sing	335797	2016	
Sonic the Hedgehog	Fandango	MATCH_EXISTING	Sonic the Hedgehog	454626	2020	
Sonic the Hedgehog 2	Fandango	MATCH_EXISTING	Sonic the Hedgehog 2	675353	2022	
Sonic the Hedgehog 3	Fandango	MATCH_EXISTING	Sonic the Hedgehog 3	939243	2024	
Speed	Fandango | Movies Anywhere	MATCH_EXISTING	Speed	1637	1994	
Spy	Fandango | Movies Anywhere	MATCH_EXISTING	Spy	238713	2015	
Star Trek Into Darkness	Fandango	MATCH_EXISTING	Star Trek Into Darkness	54138	2013	
Suicide Squad	Fandango | Movies Anywhere	MATCH_EXISTING	Suicide Squad	297761	2016	
Sweeney Todd: The Demon Barber of Fleet Street	Fandango	MATCH_EXISTING	Sweeney Todd: The Demon Barber of Fleet Street	13885	2007	
Tango & Cash	Fandango | Movies Anywhere	MATCH_EXISTING	Tango & Cash	9618	1989	
That's My Boy	Fandango | Movies Anywhere	MATCH_EXISTING	That's My Boy	87428	2012	
Thor: The Dark World	Fandango | Movies Anywhere	MATCH_EXISTING	Thor: The Dark World	76338	2013	
Top Gun: Maverick	Fandango	MATCH_EXISTING	Top Gun: Maverick	361743	2022	
Total Recall	Fandango | Movies Anywhere	MATCH_EXISTING	Total Recall	861	1990	
Transformers: Age of Extinction	Fandango	MATCH_EXISTING	Transformers: Age of Extinction	91314	2014	
Transformers: The Last Knight	Fandango	MATCH_EXISTING	Transformers: The Last Knight	335988	2017	
Trolls	Fandango | Movies Anywhere	MATCH_EXISTING	Trolls	136799	2016	
Trouble with the Curve	Fandango | Movies Anywhere	MATCH_EXISTING	Trouble with the Curve	87825	2012	
True Lies	Fandango | Movies Anywhere	MATCH_EXISTING	True Lies	36955	1994	
Twilight Saga: Breaking Dawn - Part 1, The	Fandango	MATCH_EXISTING	Twilight Saga: Breaking Dawn - Part 1, The	50619	2011	
Twilight Saga: Breaking Dawn - Part 2, The	Fandango | Movies Anywhere	MATCH_EXISTING	Twilight Saga: Breaking Dawn - Part 2, The	50620	2012	Title variant normalized to existing movie record; per your rule, assume same version.
Underworld: Awakening	Fandango | Movies Anywhere	MATCH_EXISTING	Underworld: Awakening	52520	2012	Title variant normalized to existing movie record; per your rule, assume same version.
V for Vendetta	Fandango | Movies Anywhere	MATCH_EXISTING	V for Vendetta	752	2006	
Violent Night	Fandango | Movies Anywhere	MATCH_EXISTING	Violent Night	899112	2022	
Warrior	Fandango | Movies Anywhere	MATCH_EXISTING	Warrior	59440	2011	
Wayne's World	Fandango	MATCH_EXISTING	Wayne's World	8872	1992	
Wayne's World 2	Fandango	MATCH_EXISTING	Wayne's World 2	8873	1993	
We're the Millers	Fandango | Movies Anywhere	MATCH_EXISTING	We're the Millers	138832	2013	
Wicked	Fandango | Movies Anywhere	MATCH_EXISTING	Wicked	402431	2024	
Wicked: For Good	Fandango | Movies Anywhere	MATCH_EXISTING	Wicked: For Good	967941	2025	
Willy Wonka & the Chocolate Factory	Fandango | Movies Anywhere	MATCH_EXISTING	Willy Wonka & the Chocolate Factory	252	1971	Title variant normalized to existing movie record; per your rule, assume same version.
Wonder Woman	Fandango | Movies Anywhere	MATCH_EXISTING	Wonder Woman	297762	2017	
Wonka	Fandango | Movies Anywhere	MATCH_EXISTING	Wonka	787699	2023	
Wrath of Man	Fandango	MATCH_EXISTING	Wrath of Man	637649	2021	
X-Men: Days of Future Past	Fandango | Movies Anywhere	MATCH_EXISTING	X-Men: Days of Future Past	127585	2014	
Aladdin	Fandango | Movies Anywhere	REVIEW_VERSION	Aladdin	420817	2019	Existing catalog record is TMDB 420817 (2019). Digital list also contains unqualified "Aladdin" from Fandango; keep 2019 assumption for now, but flag because the unqualified title could be the 1992 film.
Rambo: First Blood	Fandango | Movies Anywhere | Prime	REVIEW_VERSION	Rambo: First Blood	1368	1976	Existing record is TMDB 1368 (1976), titled "Rambo: First Blood"; digital title is commonly used for the same film, but verify if desired.
2001: A Space Odyssey	Fandango | Movies Anywhere	NEW_TMDB				No reliable existing catalog match; fetch TMDB and create a new record.
300: Rise of an Empire	Fandango | Movies Anywhere	NEW_TMDB				No reliable existing catalog match; fetch TMDB and create a new record.
A Bad Moms Christmas	Fandango | Movies Anywhere	NEW_TMDB				No reliable existing catalog match; fetch TMDB and create a new record.
A Clockwork Orange	Fandango | Movies Anywhere	NEW_TMDB				No reliable existing catalog match; fetch TMDB and create a new record.
A Knight's Tale	Fandango | Movies Anywhere	NEW_TMDB				No reliable existing catalog match; fetch TMDB and create a new record.
A Merry Friggin' Christmas	Prime	NEW_TMDB				No reliable existing catalog match; fetch TMDB and create a new record.
A Very Nutty Christmas	Prime	NEW_TMDB				No reliable existing catalog match; fetch TMDB and create a new record.
Addams Family Values	Fandango	NEW_TMDB				No reliable existing catalog match; fetch TMDB and create a new record.
Aladdin and the King of Thieves	Fandango | Movies Anywhere	NEW_TMDB				No reliable existing catalog match; fetch TMDB and create a new record.
Aladdin: The Return of Jafar	Fandango | Movies Anywhere	NEW_TMDB				No reliable existing catalog match; fetch TMDB and create a new record.
Anna	Fandango | Movies Anywhere	NEW_TMDB				No reliable existing catalog match; fetch TMDB and create a new record.
Annie	Fandango | Movies Anywhere	NEW_TMDB				No reliable existing catalog match; fetch TMDB and create a new record.
Anyone But You	Fandango | Movies Anywhere	NEW_TMDB				No reliable existing catalog match; fetch TMDB and create a new record.
Away From Her	Fandango	NEW_TMDB				No reliable existing catalog match; fetch TMDB and create a new record.
Bad Boys: Ride or Die	Fandango | Movies Anywhere	NEW_TMDB				No reliable existing catalog match; fetch TMDB and create a new record.
Bad Santa 2 Unrated	Prime	NEW_TMDB				No reliable existing catalog match; fetch TMDB and create a new record.
Bad Times at The El Royale	Fandango | Movies Anywhere	NEW_TMDB				No reliable existing catalog match; fetch TMDB and create a new record.
Ballerina: From the World of John Wick	Fandango | Movies Anywhere	NEW_TMDB				No reliable existing catalog match; fetch TMDB and create a new record.
Barbie	Fandango | Movies Anywhere	NEW_TMDB				No reliable existing catalog match; fetch TMDB and create a new record.
Barry Lyndon	Fandango | Movies Anywhere	NEW_TMDB				No reliable existing catalog match; fetch TMDB and create a new record.
Basic Instinct	Prime	NEW_TMDB				No reliable existing catalog match; fetch TMDB and create a new record.
Batman & Mr. Freeze: Sub-Zero	Fandango | Movies Anywhere	NEW_TMDB				No reliable existing catalog match; fetch TMDB and create a new record.
Batman: Mask of the Phantasm	Fandango | Movies Anywhere	NEW_TMDB				No reliable existing catalog match; fetch TMDB and create a new record.
Behind Enemy Lines	Fandango | Movies Anywhere	NEW_TMDB				No reliable existing catalog match; fetch TMDB and create a new record.
Being John Malkovich	Fandango | Movies Anywhere	NEW_TMDB				No reliable existing catalog match; fetch TMDB and create a new record.
Big Hero 6	Fandango | Movies Anywhere	NEW_TMDB				No reliable existing catalog match; fetch TMDB and create a new record.
Big Trouble In Little China	Fandango | Movies Anywhere	NEW_TMDB				No reliable existing catalog match; fetch TMDB and create a new record.
Bill & Ted Face the Music	Fandango	NEW_TMDB				No reliable existing catalog match; fetch TMDB and create a new record.
Bill and Ted's Bogus Journey	Fandango	NEW_TMDB				No reliable existing catalog match; fetch TMDB and create a new record.
Bill and Ted's Excellent Adventure	Fandango	NEW_TMDB				No reliable existing catalog match; fetch TMDB and create a new record.
Birds Of Prey And The Fantabulous Emancipation Of One Harley Quinn	Fandango | Movies Anywhere	NEW_TMDB				No reliable existing catalog match; fetch TMDB and create a new record.
Blade Runner 2049	Fandango | Movies Anywhere	NEW_TMDB				No reliable existing catalog match; fetch TMDB and create a new record.
Boogie Nights	Fandango | Movies Anywhere	NEW_TMDB				No reliable existing catalog match; fetch TMDB and create a new record.
Carrie (1976)	Prime	NEW_TMDB				No reliable existing catalog match; fetch TMDB and create a new record.
Catch Me if You Can	Fandango	NEW_TMDB				No reliable existing catalog match; fetch TMDB and create a new record.
Chicago	Prime	NEW_TMDB				No reliable existing catalog match; fetch TMDB and create a new record.
Christmas in Connecticut	Fandango | Movies Anywhere	NEW_TMDB				No reliable existing catalog match; fetch TMDB and create a new record.
Clerks III	Fandango	NEW_TMDB				No reliable existing catalog match; fetch TMDB and create a new record.
Clue	Prime	NEW_TMDB				No reliable existing catalog match; fetch TMDB and create a new record.
Cold Pursuit	Fandango | Movies Anywhere	NEW_TMDB				No reliable existing catalog match; fetch TMDB and create a new record.
Conan The Barbarian	Fandango | Movies Anywhere	NEW_TMDB				No reliable existing catalog match; fetch TMDB and create a new record.
Cowboys & Aliens	Fandango | Movies Anywhere	NEW_TMDB				No reliable existing catalog match; fetch TMDB and create a new record.
Crazy, Stupid, Love	Fandango | Movies Anywhere	NEW_TMDB				No reliable existing catalog match; fetch TMDB and create a new record.
Daylight	Fandango | Movies Anywhere	NEW_TMDB				No reliable existing catalog match; fetch TMDB and create a new record.
Dear Santa	Fandango	NEW_TMDB				No reliable existing catalog match; fetch TMDB and create a new record.
Death Becomes Her	Fandango | Movies Anywhere	NEW_TMDB				No reliable existing catalog match; fetch TMDB and create a new record.
Death Race 2	Fandango | Movies Anywhere	NEW_TMDB				No reliable existing catalog match; fetch TMDB and create a new record.
Divergent	Fandango | Movies Anywhere	NEW_TMDB				No reliable existing catalog match; fetch TMDB and create a new record.
Dogma	Fandango | Movies Anywhere	NEW_TMDB				No reliable existing catalog match; fetch TMDB and create a new record.
Dr. Seuss' The Lorax	Fandango | Movies Anywhere	NEW_TMDB				No reliable existing catalog match; fetch TMDB and create a new record.
Dungeons & Dragons: Honor Among Thieves	Prime	NEW_TMDB				No reliable existing catalog match; fetch TMDB and create a new record.
Easy A	Fandango | Movies Anywhere	NEW_TMDB				No reliable existing catalog match; fetch TMDB and create a new record.
Eraser	Fandango | Movies Anywhere	NEW_TMDB				No reliable existing catalog match; fetch TMDB and create a new record.
Escape Plan	Fandango | Movies Anywhere	NEW_TMDB				No reliable existing catalog match; fetch TMDB and create a new record.
Eyes Wide Shut	Fandango | Movies Anywhere	NEW_TMDB				No reliable existing catalog match; fetch TMDB and create a new record.
F9 The Fast Saga	Fandango | Movies Anywhere	NEW_TMDB				No reliable existing catalog match; fetch TMDB and create a new record.
F9 The Fast Saga: The Director's Cut	Fandango	NEW_TMDB				No reliable existing catalog match; fetch TMDB and create a new record.
Family Plot	Fandango | Movies Anywhere	NEW_TMDB				No reliable existing catalog match; fetch TMDB and create a new record.
Fantastic Beasts and Where to Find Them	Fandango | Movies Anywhere	NEW_TMDB				No reliable existing catalog match; fetch TMDB and create a new record.
Fantastic Beasts: The Crimes Of Grindelwald	Fandango | Movies Anywhere	NEW_TMDB				No reliable existing catalog match; fetch TMDB and create a new record.
Fast & Furious	Fandango | Movies Anywhere	NEW_TMDB				No reliable existing catalog match; fetch TMDB and create a new record.
Fast & Furious Presents: Hobbs & Shaw	Fandango | Movies Anywhere	NEW_TMDB				No reliable existing catalog match; fetch TMDB and create a new record.
Fast Five	Fandango | Movies Anywhere	NEW_TMDB				No reliable existing catalog match; fetch TMDB and create a new record.
Fast X	Fandango | Movies Anywhere	NEW_TMDB				No reliable existing catalog match; fetch TMDB and create a new record.
Father Goose	Fandango	NEW_TMDB				No reliable existing catalog match; fetch TMDB and create a new record.
Final Destination 3	Fandango | Movies Anywhere	NEW_TMDB				No reliable existing catalog match; fetch TMDB and create a new record.
Final Destination 5	Fandango | Movies Anywhere	NEW_TMDB				No reliable existing catalog match; fetch TMDB and create a new record.
For Love of the Game	Fandango | Movies Anywhere	NEW_TMDB				No reliable existing catalog match; fetch TMDB and create a new record.
Friends With Benefits	Fandango | Movies Anywhere	NEW_TMDB				No reliable existing catalog match; fetch TMDB and create a new record.
Full Metal Jacket	Fandango | Movies Anywhere	NEW_TMDB				No reliable existing catalog match; fetch TMDB and create a new record.
Furious 7	Fandango | Movies Anywhere	NEW_TMDB				No reliable existing catalog match; fetch TMDB and create a new record.
Ghost	Fandango	NEW_TMDB				No reliable existing catalog match; fetch TMDB and create a new record.
Ghostbusters (2016) Extended Edition	Movies Anywhere	NEW_TMDB				No reliable existing catalog match; fetch TMDB and create a new record.
Ghostbusters: Afterlife	Fandango | Movies Anywhere	NEW_TMDB				No reliable existing catalog match; fetch TMDB and create a new record.
Gladiator II	Prime	NEW_TMDB				No reliable existing catalog match; fetch TMDB and create a new record.
Groundhog Day	Fandango | Movies Anywhere	NEW_TMDB				No reliable existing catalog match; fetch TMDB and create a new record.
Haul Out the Holly	Prime	NEW_TMDB				No reliable existing catalog match; fetch TMDB and create a new record.
Haul Out the Holly: Lit Up	Prime	NEW_TMDB				No reliable existing catalog match; fetch TMDB and create a new record.
History of the World, Part I	Fandango | Movies Anywhere	NEW_TMDB				No reliable existing catalog match; fetch TMDB and create a new record.
Home for the Holidays	Fandango	NEW_TMDB				No reliable existing catalog match; fetch TMDB and create a new record.
Hook	Fandango | Movies Anywhere	NEW_TMDB				No reliable existing catalog match; fetch TMDB and create a new record.
Houseboat	Fandango	NEW_TMDB				No reliable existing catalog match; fetch TMDB and create a new record.
How the Grinch Stole Christmas! / Horton Hears a Who!	Prime	NEW_TMDB				No reliable existing catalog match; fetch TMDB and create a new record.
How to Train Your Dragon	Fandango | Movies Anywhere	NEW_TMDB				No reliable existing catalog match; fetch TMDB and create a new record.
How to Train Your Dragon 2	Fandango | Movies Anywhere	NEW_TMDB				No reliable existing catalog match; fetch TMDB and create a new record.
Idiocracy	Fandango | Movies Anywhere	NEW_TMDB				No reliable existing catalog match; fetch TMDB and create a new record.
In the Grey	Fandango | Movies Anywhere	NEW_TMDB				No reliable existing catalog match; fetch TMDB and create a new record.
Indian Summer	Fandango | Movies Anywhere	NEW_TMDB				No reliable existing catalog match; fetch TMDB and create a new record.
Indiscreet	Fandango	NEW_TMDB				No reliable existing catalog match; fetch TMDB and create a new record.
Is This Thing On?	Fandango | Movies Anywhere	NEW_TMDB				No reliable existing catalog match; fetch TMDB and create a new record.
It Happens Every Spring	Fandango | Movies Anywhere	NEW_TMDB				No reliable existing catalog match; fetch TMDB and create a new record.
Jason Bourne	Fandango | Movies Anywhere	NEW_TMDB				No reliable existing catalog match; fetch TMDB and create a new record.
Just One of the Guys	Fandango | Movies Anywhere	NEW_TMDB				No reliable existing catalog match; fetch TMDB and create a new record.
Kill Bill: The Whole Bloody Affair	Fandango	NEW_TMDB				No reliable existing catalog match; fetch TMDB and create a new record.
Killers	Fandango | Movies Anywhere	NEW_TMDB				No reliable existing catalog match; fetch TMDB and create a new record.
Knives Out	Fandango | Movies Anywhere	NEW_TMDB				No reliable existing catalog match; fetch TMDB and create a new record.
Kuffs	Fandango | Movies Anywhere	NEW_TMDB				No reliable existing catalog match; fetch TMDB and create a new record.
Kung Fu Panda	Fandango | Movies Anywhere	NEW_TMDB				No reliable existing catalog match; fetch TMDB and create a new record.
La La Land	Fandango | Movies Anywhere	NEW_TMDB				No reliable existing catalog match; fetch TMDB and create a new record.
Lean on Me	Fandango | Movies Anywhere	NEW_TMDB				No reliable existing catalog match; fetch TMDB and create a new record.
Little Big League	Fandango | Movies Anywhere	NEW_TMDB				No reliable existing catalog match; fetch TMDB and create a new record.
Little Shop of Horrors	Fandango | Movies Anywhere	NEW_TMDB				No reliable existing catalog match; fetch TMDB and create a new record.
Little Women	Fandango | Movies Anywhere	NEW_TMDB				No reliable existing catalog match; fetch TMDB and create a new record.
Lolita	Fandango | Movies Anywhere	NEW_TMDB				No reliable existing catalog match; fetch TMDB and create a new record.
London Has Fallen	Fandango | Movies Anywhere	NEW_TMDB				No reliable existing catalog match; fetch TMDB and create a new record.
MacGruber	Fandango | Movies Anywhere	NEW_TMDB				No reliable existing catalog match; fetch TMDB and create a new record.
Mad Max: Fury Road	Fandango | Movies Anywhere	NEW_TMDB				No reliable existing catalog match; fetch TMDB and create a new record.
Magnolia	Fandango | Movies Anywhere	NEW_TMDB				No reliable existing catalog match; fetch TMDB and create a new record.
Magnolia (1999)	Prime	NEW_TMDB				No reliable existing catalog match; fetch TMDB and create a new record.
Mary Poppins	Fandango | Movies Anywhere	NEW_TMDB				No reliable existing catalog match; fetch TMDB and create a new record.
Maze Runner: The Death Cure	Fandango | Movies Anywhere	NEW_TMDB				No reliable existing catalog match; fetch TMDB and create a new record.
Maze Runner: The Scorch Trials	Fandango | Movies Anywhere	NEW_TMDB				No reliable existing catalog match; fetch TMDB and create a new record.
Mechanic Resurrection	Fandango	NEW_TMDB				No reliable existing catalog match; fetch TMDB and create a new record.
Mickey's Magical Christmas: Snowed In at the House of Mouse	Fandango | Movies Anywhere	NEW_TMDB				No reliable existing catalog match; fetch TMDB and create a new record.
Midnight Run	Fandango | Movies Anywhere	NEW_TMDB				No reliable existing catalog match; fetch TMDB and create a new record.
Miracle on 34th Street	Fandango | Movies Anywhere	NEW_TMDB				No reliable existing catalog match; fetch TMDB and create a new record.
Miracle on 34th Street (1947)	Prime	NEW_TMDB				No reliable existing catalog match; fetch TMDB and create a new record.
Murder on the Orient Express	Fandango | Movies Anywhere	NEW_TMDB				No reliable existing catalog match; fetch TMDB and create a new record.
Nerve	Fandango | Movies Anywhere	NEW_TMDB				No reliable existing catalog match; fetch TMDB and create a new record.
Network	Fandango | Movies Anywhere	NEW_TMDB				No reliable existing catalog match; fetch TMDB and create a new record.
Never Been Kissed	Fandango | Movies Anywhere	NEW_TMDB				No reliable existing catalog match; fetch TMDB and create a new record.
No Hard Feelings	Fandango | Movies Anywhere	NEW_TMDB				No reliable existing catalog match; fetch TMDB and create a new record.
Operation Fortune: Ruse de Guerre	Fandango | Movies Anywhere	NEW_TMDB				No reliable existing catalog match; fetch TMDB and create a new record.
Operation Petticoat	Fandango	NEW_TMDB				No reliable existing catalog match; fetch TMDB and create a new record.
Out of Sight	Fandango | Movies Anywhere	NEW_TMDB				No reliable existing catalog match; fetch TMDB and create a new record.
Paranormal Activity	Fandango	NEW_TMDB				No reliable existing catalog match; fetch TMDB and create a new record.
Passenger 57	Fandango | Movies Anywhere	NEW_TMDB				No reliable existing catalog match; fetch TMDB and create a new record.
Pixie Hollow Games: Disney Fairies (Short)	Fandango | Movies Anywhere	NEW_TMDB				No reliable existing catalog match; fetch TMDB and create a new record.
Plane	Fandango | Movies Anywhere	NEW_TMDB				No reliable existing catalog match; fetch TMDB and create a new record.
Psycho	Fandango	NEW_TMDB				No reliable existing catalog match; fetch TMDB and create a new record.
Psycho (1998)	Movies Anywhere	NEW_TMDB				No reliable existing catalog match; fetch TMDB and create a new record.
Puffs	Prime	NEW_TMDB				No reliable existing catalog match; fetch TMDB and create a new record.
Rango	Prime	NEW_TMDB				No reliable existing catalog match; fetch TMDB and create a new record.
Ready Player One	Fandango | Movies Anywhere	NEW_TMDB				No reliable existing catalog match; fetch TMDB and create a new record.
Rocky	Fandango	NEW_TMDB				No reliable existing catalog match; fetch TMDB and create a new record.
Rocky II	Fandango	NEW_TMDB				No reliable existing catalog match; fetch TMDB and create a new record.
Rocky III	Fandango	NEW_TMDB				No reliable existing catalog match; fetch TMDB and create a new record.
Rocky IV	Fandango	NEW_TMDB				No reliable existing catalog match; fetch TMDB and create a new record.
Rocky IV: Rocky vs. Drago The Ultimate Director's Cut	Fandango	NEW_TMDB				No reliable existing catalog match; fetch TMDB and create a new record.
Rocky V	Fandango	NEW_TMDB				No reliable existing catalog match; fetch TMDB and create a new record.
Roger Corman's Death Race 2050	Fandango | Movies Anywhere	NEW_TMDB				No reliable existing catalog match; fetch TMDB and create a new record.
Schindler's List	Fandango | Movies Anywhere	NEW_TMDB				No reliable existing catalog match; fetch TMDB and create a new record.
Shelter	Fandango | Movies Anywhere	NEW_TMDB				No reliable existing catalog match; fetch TMDB and create a new record.
Skyfall	Fandango	NEW_TMDB				No reliable existing catalog match; fetch TMDB and create a new record.
Sneakers	Fandango | Movies Anywhere	NEW_TMDB				No reliable existing catalog match; fetch TMDB and create a new record.
So I Married An Axe Murderer	Fandango | Movies Anywhere	NEW_TMDB				No reliable existing catalog match; fetch TMDB and create a new record.
Son-In-Law	Fandango | Movies Anywhere	NEW_TMDB				No reliable existing catalog match; fetch TMDB and create a new record.
Soul Survivors	Fandango	NEW_TMDB				No reliable existing catalog match; fetch TMDB and create a new record.
Spectre	Fandango	NEW_TMDB				No reliable existing catalog match; fetch TMDB and create a new record.
Spider-Man: Homecoming	Fandango | Movies Anywhere	NEW_TMDB				No reliable existing catalog match; fetch TMDB and create a new record.
Spider-Man: Into The Spider-Verse	Fandango | Movies Anywhere	NEW_TMDB				No reliable existing catalog match; fetch TMDB and create a new record.
Spider-Man: No Way Home	Fandango | Movies Anywhere	NEW_TMDB				No reliable existing catalog match; fetch TMDB and create a new record.
Spy Game	Fandango | Movies Anywhere	NEW_TMDB				No reliable existing catalog match; fetch TMDB and create a new record.
Street Fighter	Fandango | Movies Anywhere	NEW_TMDB				No reliable existing catalog match; fetch TMDB and create a new record.
Sudden Death	Fandango | Movies Anywhere	NEW_TMDB				No reliable existing catalog match; fetch TMDB and create a new record.
Sunset Boulevard	Fandango	NEW_TMDB				No reliable existing catalog match; fetch TMDB and create a new record.
Teen Witch	Prime	NEW_TMDB				No reliable existing catalog match; fetch TMDB and create a new record.
That Touch of Mink	Fandango	NEW_TMDB				No reliable existing catalog match; fetch TMDB and create a new record.
The Addams Family	Fandango	NEW_TMDB				No reliable existing catalog match; fetch TMDB and create a new record.
The American President	Fandango | Movies Anywhere	NEW_TMDB				No reliable existing catalog match; fetch TMDB and create a new record.
The Conversation	Fandango	NEW_TMDB				No reliable existing catalog match; fetch TMDB and create a new record.
The Expendables 3	Fandango | Movies Anywhere	NEW_TMDB				No reliable existing catalog match; fetch TMDB and create a new record.
The Fall Guy	Fandango | Movies Anywhere	NEW_TMDB				No reliable existing catalog match; fetch TMDB and create a new record.
The Fate of the Furious	Fandango | Movies Anywhere	NEW_TMDB				No reliable existing catalog match; fetch TMDB and create a new record.
The Final Destination 4	Movies Anywhere	NEW_TMDB				No reliable existing catalog match; fetch TMDB and create a new record.
The Fugitive	Fandango | Movies Anywhere	NEW_TMDB				No reliable existing catalog match; fetch TMDB and create a new record.
The Grass Is Greener	Fandango	NEW_TMDB				No reliable existing catalog match; fetch TMDB and create a new record.
The Great Outdoors	Fandango | Movies Anywhere	NEW_TMDB				No reliable existing catalog match; fetch TMDB and create a new record.
The Hangover Part 2	Fandango	NEW_TMDB				No reliable existing catalog match; fetch TMDB and create a new record.
The Hangover Part 3	Fandango	NEW_TMDB				No reliable existing catalog match; fetch TMDB and create a new record.
The Hangover Part II	Movies Anywhere	NEW_TMDB				No reliable existing catalog match; fetch TMDB and create a new record.
The Hangover Part III	Movies Anywhere	NEW_TMDB				No reliable existing catalog match; fetch TMDB and create a new record.
The Housemaid	Fandango | Movies Anywhere	NEW_TMDB				No reliable existing catalog match; fetch TMDB and create a new record.
The Hunger Games: The Ballad of Songbirds & Snakes	Fandango | Movies Anywhere	NEW_TMDB				No reliable existing catalog match; fetch TMDB and create a new record.
The Italian Job	Fandango	NEW_TMDB				No reliable existing catalog match; fetch TMDB and create a new record.
The Land Before Time XII: The Great Day of the Flyers	Fandango | Movies Anywhere	NEW_TMDB				No reliable existing catalog match; fetch TMDB and create a new record.
The LEGO Ninjago Movie	Fandango | Movies Anywhere	NEW_TMDB				No reliable existing catalog match; fetch TMDB and create a new record.
The Lost World: Jurassic Park	Fandango | Movies Anywhere	NEW_TMDB				No reliable existing catalog match; fetch TMDB and create a new record.
The Man Who Invented Christmas	Fandango | Movies Anywhere	NEW_TMDB				No reliable existing catalog match; fetch TMDB and create a new record.
The Mask of Zorro	Fandango | Movies Anywhere	NEW_TMDB				No reliable existing catalog match; fetch TMDB and create a new record.
The Maze Runner	Fandango | Movies Anywhere	NEW_TMDB				No reliable existing catalog match; fetch TMDB and create a new record.
The Ministry Of Ungentlemanly Warfare	Fandango | Movies Anywhere	NEW_TMDB				No reliable existing catalog match; fetch TMDB and create a new record.
The Naked Gun	Fandango	NEW_TMDB				No reliable existing catalog match; fetch TMDB and create a new record.
The Nice Guys	Fandango | Movies Anywhere	NEW_TMDB				No reliable existing catalog match; fetch TMDB and create a new record.
The Producers	Fandango | Movies Anywhere	NEW_TMDB				No reliable existing catalog match; fetch TMDB and create a new record.
The ProtÃ©gÃ©	Fandango | Movies Anywhere	NEW_TMDB				No reliable existing catalog match; fetch TMDB and create a new record.
The Score	Fandango	NEW_TMDB				No reliable existing catalog match; fetch TMDB and create a new record.
The Shining	Fandango | Movies Anywhere	NEW_TMDB				No reliable existing catalog match; fetch TMDB and create a new record.
The Siege	Fandango | Movies Anywhere	NEW_TMDB				No reliable existing catalog match; fetch TMDB and create a new record.
The Sound of Music	Fandango | Movies Anywhere	NEW_TMDB				No reliable existing catalog match; fetch TMDB and create a new record.
The Super Mario Bros. Movie	Fandango | Movies Anywhere	NEW_TMDB				No reliable existing catalog match; fetch TMDB and create a new record.
The Unbearable Weight of Massive Talent	Fandango | Movies Anywhere	NEW_TMDB				No reliable existing catalog match; fetch TMDB and create a new record.
The War of the Roses	Fandango | Movies Anywhere	NEW_TMDB				No reliable existing catalog match; fetch TMDB and create a new record.
To Catch a Thief	Fandango	NEW_TMDB				No reliable existing catalog match; fetch TMDB and create a new record.
Twister	Fandango | Movies Anywhere	NEW_TMDB				No reliable existing catalog match; fetch TMDB and create a new record.
Twisters	Fandango | Movies Anywhere	NEW_TMDB				No reliable existing catalog match; fetch TMDB and create a new record.
Valentine's Day	Fandango | Movies Anywhere	NEW_TMDB				No reliable existing catalog match; fetch TMDB and create a new record.
Venom	Fandango | Movies Anywhere	NEW_TMDB				No reliable existing catalog match; fetch TMDB and create a new record.
Venom: Let There Be Carnage	Fandango | Movies Anywhere	NEW_TMDB				No reliable existing catalog match; fetch TMDB and create a new record.
Vertigo	Fandango | Movies Anywhere	NEW_TMDB				No reliable existing catalog match; fetch TMDB and create a new record.
What Happens Later	Prime	NEW_TMDB				No reliable existing catalog match; fetch TMDB and create a new record.
