action,title,digital_sources,tmdbId,tmdbTitle,tmdbYear,catalogTitle,catalogYear,catalogDigital,reason
MATCH,A Christmas Story,Fandango | Movies Anywhere,850,A Christmas Story,1983,A Christmas Story,1983,,TMDB ID matches existing catalog record.
MATCH,A League of Their Own,Fandango | Movies Anywhere,11287,A League of Their Own,1992,A League of Their Own,1992,,TMDB ID matches existing catalog record.
MATCH,A Star Is Born,Fandango | Movies Anywhere,332562,A Star Is Born,2018,A Star Is Born,2018,,TMDB ID matches existing catalog record.
MATCH,A Very Harold & Kumar Christmas,Fandango | Movies Anywhere,55465,A Very Harold & Kumar Christmas,2011,A Very Harold & Kumar Christmas,2011,,TMDB ID matches existing catalog record.
MATCH,"A-Team, The",Fandango | Movies Anywhere,34544,The A-Team,2010,"A-Team, The",2010,,TMDB ID matches existing catalog record.
MATCH,Abraham Lincoln: Vampire Hunter,Fandango | Movies Anywhere,72331,Abraham Lincoln: Vampire Hunter,2012,Abraham Lincoln: Vampire Hunter,2012,,TMDB ID matches existing catalog record.
MATCH,"Accountant 2, The",Fandango,870028,The Accountant²,2025,"Accountant 2, The",2025,,TMDB ID matches existing catalog record.
MATCH,"Accountant, The",Fandango | Movies Anywhere,302946,The Accountant,2016,"Accountant, The",2016,,TMDB ID matches existing catalog record.
MATCH,Across the Universe,Fandango | Movies Anywhere,4688,Across the Universe,2007,Across the Universe,2007,,TMDB ID matches existing catalog record.
MATCH,"Amazing Spider-Man, The",Fandango | Movies Anywhere,1930,The Amazing Spider-Man,2012,"Amazing Spider-Man, The",2012,,TMDB ID matches existing catalog record.
MATCH,Aquaman,Fandango | Movies Anywhere,297802,Aquaman,2018,Aquaman,2018,,TMDB ID matches existing catalog record.
MATCH,Batman Begins,Fandango | Movies Anywhere,272,Batman Begins,2005,Batman Begins,2005,,TMDB ID matches existing catalog record.
MATCH,Batman v Superman: Dawn of Justice,Fandango | Movies Anywhere | Prime,209112,Batman v Superman: Dawn of Justice,2016,Batman v Superman: Dawn of Justice,2016,,TMDB ID matches existing catalog record.
MATCH,"Batman, The",Fandango | Movies Anywhere,414906,The Batman,2022,"Batman, The",2022,,TMDB ID matches existing catalog record.
MATCH,Baywatch,Fandango,339846,Baywatch,2017,Baywatch,2017,,TMDB ID matches existing catalog record.
MATCH,Beauty and the Beast,Fandango | Movies Anywhere,321612,Beauty and the Beast,2017,Beauty and the Beast,2017,,TMDB ID matches existing catalog record.
MATCH,"Beekeeper, The",Fandango,866398,The Beekeeper,2024,"Beekeeper, The",2024,,TMDB ID matches existing catalog record.
MATCH,Begin Again,Fandango | Movies Anywhere,198277,Begin Again,2014,Begin Again,2014,,TMDB ID matches existing catalog record.
MATCH,"Best Christmas Pageant Ever, The",Fandango | Movies Anywhere,1206617,The Best Christmas Pageant Ever,2024,"Best Christmas Pageant Ever, The",2024,,TMDB ID matches existing catalog record.
MATCH,"Bodyguard, The",Fandango | Movies Anywhere,619,The Bodyguard,1992,"Bodyguard, The",1992,,TMDB ID matches existing catalog record.
MATCH,"Bourne Identity, The",Fandango | Movies Anywhere,2501,The Bourne Identity,2002,"Bourne Identity, The",2002,,TMDB ID matches existing catalog record.
MATCH,"Bourne Legacy, The",Fandango | Movies Anywhere,49040,The Bourne Legacy,2012,"Bourne Legacy, The",2012,,TMDB ID matches existing catalog record.
MATCH,"Bourne Supremacy, The",Fandango | Movies Anywhere,2502,The Bourne Supremacy,2004,"Bourne Supremacy, The",2004,,TMDB ID matches existing catalog record.
MATCH,"Bourne Ultimatum, The",Fandango | Movies Anywhere,2503,The Bourne Ultimatum,2007,"Bourne Ultimatum, The",2007,,TMDB ID matches existing catalog record.
MATCH,Brave,Fandango | Movies Anywhere,62177,Brave,2012,Brave,2012,,TMDB ID matches existing catalog record.
MATCH,Bullet to the Head,Fandango | Movies Anywhere,70074,Bullet to the Head,2012,Bullet to the Head,2012,,TMDB ID matches existing catalog record.
MATCH,Christmas with the Kranks,Fandango | Movies Anywhere,13673,Christmas with the Kranks,2004,Christmas with the Kranks,2004,,TMDB ID matches existing catalog record.
MATCH,Cinderella,Fandango,150689,Cinderella,2015,Cinderella,2015,,TMDB ID matches existing catalog record.
MATCH,Creed,Fandango,312221,Creed,2015,Creed,2015,,TMDB ID matches existing catalog record.
MATCH,Creed II,Fandango,480530,Creed II,2018,Creed II,2018,,TMDB ID matches existing catalog record.
MATCH,Creed III,Fandango,677179,Creed III,2023,Creed III,2023,,TMDB ID matches existing catalog record.
MATCH,"Dark Knight Rises, The",Fandango | Movies Anywhere,49026,The Dark Knight Rises,2012,"Dark Knight Rises, The",2012,,TMDB ID matches existing catalog record.
MATCH,"Dark Knight, The",Fandango | Movies Anywhere,155,The Dark Knight,2008,"Dark Knight, The",2008,,TMDB ID matches existing catalog record.
MATCH,Dawn of the Planet of the Apes,Fandango | Movies Anywhere,119450,Dawn of the Planet of the Apes,2014,Dawn of the Planet of the Apes,2014,,TMDB ID matches existing catalog record.
MATCH,Deadpool,Fandango | Movies Anywhere,293660,Deadpool,2016,Deadpool,2016,,TMDB ID matches existing catalog record.
MATCH,Demolition Man,Fandango | Movies Anywhere,9739,Demolition Man,1993,Demolition Man,1993,,TMDB ID matches existing catalog record.
MATCH,"Devil Wears Prada, The",Fandango | Movies Anywhere,350,The Devil Wears Prada,2006,"Devil Wears Prada, The",2006,,TMDB ID matches existing catalog record.
MATCH,Die Hard 5: A Good Day to Die Hard,Fandango | Movies Anywhere,47964,A Good Day to Die Hard,2013,Die Hard 5: A Good Day to Die Hard,2013,,TMDB ID matches existing catalog record.
MATCH,Divergent Saga: Allegiant,Fandango,262504,Allegiant,2016,Divergent Saga: Allegiant,2016,,TMDB ID matches existing catalog record.
MATCH,Divergent Saga: Insurgent,Fandango,262500,Insurgent,2015,Divergent Saga: Insurgent,2015,,TMDB ID matches existing catalog record.
MATCH,Dredd,Fandango | Movies Anywhere,49049,Dredd,2012,Dredd,2012,,TMDB ID matches existing catalog record.
MATCH,Dumb and Dumber To,Fandango | Movies Anywhere,100042,Dumb and Dumber To,2014,Dumb and Dumber To,2014,,TMDB ID matches existing catalog record.
MATCH,Elf,Fandango | Movies Anywhere,10719,Elf,2003,Elf,2003,,TMDB ID matches existing catalog record.
MATCH,Ender's Game,Fandango,80274,Ender's Game,2013,Ender's Game,2013,,TMDB ID matches existing catalog record.
MATCH,"Expendables 2, The",Fandango | Movies Anywhere,76163,The Expendables 2,2012,"Expendables 2, The",2012,,TMDB ID matches existing catalog record.
MATCH,"Expendables, The",Fandango | Movies Anywhere,27578,The Expendables,2010,"Expendables, The",2010,,TMDB ID matches existing catalog record.
MATCH,Fast & Furious: Fast 6,Fandango | Movies Anywhere,82992,Fast & Furious 6,2013,Fast & Furious: Fast 6,2013,,TMDB ID matches existing catalog record.
MATCH,Field of Dreams,Fandango | Movies Anywhere,2323,Field of Dreams,1989,Field of Dreams,1989,,TMDB ID matches existing catalog record.
MATCH,Final Destination,Fandango | Movies Anywhere,9532,Final Destination,2000,Final Destination,2000,,TMDB ID matches existing catalog record.
MATCH,Final Destination 2,Fandango | Movies Anywhere,9358,Final Destination 2,2003,Final Destination 2,2003,,TMDB ID matches existing catalog record.
MATCH,"Flash, The",Fandango | Movies Anywhere,298618,The Flash,2023,"Flash, The",2023,,TMDB ID matches existing catalog record.
MATCH,Frozen,Fandango | Movies Anywhere,109445,Frozen,2013,Frozen,2013,,TMDB ID matches existing catalog record.
MATCH,G.I. Joe: Retaliation,Fandango,72559,G.I. Joe: Retaliation,2013,G.I. Joe: Retaliation,2013,,TMDB ID matches existing catalog record.
MATCH,Ghostbusters,Fandango | Prime,620,Ghostbusters,1984,Ghostbusters,1984,,TMDB ID matches existing catalog record.
MATCH,"Girl with the Dragon Tattoo, The",Fandango | Movies Anywhere,65754,The Girl with the Dragon Tattoo,2011,"Girl with the Dragon Tattoo, The",2011,,TMDB ID matches existing catalog record.
MATCH,Gladiator,Fandango,98,Gladiator,2000,Gladiator,2000,,TMDB ID matches existing catalog record.
MATCH,"Greatest Showman, The",Fandango | Movies Anywhere,316029,The Greatest Showman,2017,"Greatest Showman, The",2017,,TMDB ID matches existing catalog record.
MATCH,"Grinch, The",Fandango | Movies Anywhere,360920,The Grinch,2018,"Grinch, The",2018,,TMDB ID matches existing catalog record.
MATCH,Grown Ups 2,Fandango | Movies Anywhere,109418,Grown Ups 2,2013,Grown Ups 2,2013,,TMDB ID matches existing catalog record.
MATCH,Grudge Match,Fandango | Movies Anywhere,64807,Grudge Match,2013,Grudge Match,2013,,TMDB ID matches existing catalog record.
MATCH,Guardians of the Galaxy Vol. 2,Fandango | Movies Anywhere,283995,Guardians of the Galaxy Vol. 2,2017,Guardians of the Galaxy Vol. 2,2017,,TMDB ID matches existing catalog record.
MATCH,Harry Potter and the Chamber of Secrets,Fandango | Movies Anywhere,672,Harry Potter and the Chamber of Secrets,2002,Harry Potter and the Chamber of Secrets,2002,,TMDB ID matches existing catalog record.
MATCH,Harry Potter and the Deathly Hallows: Part 1,Fandango | Movies Anywhere,12444,Harry Potter and the Deathly Hallows: Part 1,2010,Harry Potter and the Deathly Hallows: Part 1,2010,,TMDB ID matches existing catalog record.
MATCH,Harry Potter and the Deathly Hallows: Part 2,Fandango | Movies Anywhere,12445,Harry Potter and the Deathly Hallows: Part 2,2011,Harry Potter and the Deathly Hallows: Part 2,2011,,TMDB ID matches existing catalog record.
MATCH,Harry Potter and the Goblet of Fire,Fandango | Movies Anywhere,674,Harry Potter and the Goblet of Fire,2005,Harry Potter and the Goblet of Fire,2005,,TMDB ID matches existing catalog record.
MATCH,Harry Potter and the Half-Blood Prince,Fandango | Movies Anywhere,767,Harry Potter and the Half-Blood Prince,2009,Harry Potter and the Half-Blood Prince,2009,,TMDB ID matches existing catalog record.
MATCH,Harry Potter and the Order of the Phoenix,Fandango | Movies Anywhere,675,Harry Potter and the Order of the Phoenix,2007,Harry Potter and the Order of the Phoenix,2007,,TMDB ID matches existing catalog record.
MATCH,Harry Potter and the Prisoner of Azkaban,Fandango | Movies Anywhere,673,Harry Potter and the Prisoner of Azkaban,2004,Harry Potter and the Prisoner of Azkaban,2004,,TMDB ID matches existing catalog record.
NEW,Harry Potter and the Sorcerer's Stone,Fandango | Movies Anywhere,671,Harry Potter and the Philosopher's Stone,2001,,,,TMDB ID does not exist in movies.js.
MATCH,"Heat, The",Fandango | Movies Anywhere,136795,The Heat,2013,"Heat, The",2013,,TMDB ID matches existing catalog record.
MATCH,"Holdovers, The",Fandango | Movies Anywhere,840430,The Holdovers,2023,"Holdovers, The",2023,,TMDB ID matches existing catalog record.
MATCH,"Holiday, The",Fandango | Movies Anywhere,1581,The Holiday,2006,"Holiday, The",2006,,TMDB ID matches existing catalog record.
MATCH,Horrible Bosses,Fandango | Movies Anywhere,51540,Horrible Bosses,2011,Horrible Bosses,2011,,TMDB ID matches existing catalog record.
MATCH,How the Grinch Stole Christmas,Fandango | Movies Anywhere,8871,How the Grinch Stole Christmas,2000,How the Grinch Stole Christmas,2000,,TMDB ID matches existing catalog record.
MATCH,"Hunger Games, The",Fandango | Movies Anywhere,70160,The Hunger Games,2012,"Hunger Games, The",2012,,TMDB ID matches existing catalog record.
MATCH,"Hunger Games: Catching Fire, The",Fandango,101299,The Hunger Games: Catching Fire,2013,"Hunger Games: Catching Fire, The",2013,,TMDB ID matches existing catalog record.
MATCH,"Hunger Games: Mockingjay - Part 1, The",Fandango,131631,The Hunger Games: Mockingjay - Part 1,2014,"Hunger Games: Mockingjay - Part 1, The",2014,,TMDB ID matches existing catalog record.
MATCH,"Hunger Games: Mockingjay - Part 2, The",Fandango | Movies Anywhere,131634,The Hunger Games: Mockingjay - Part 2,2015,"Hunger Games: Mockingjay - Part 2, The",2015,,TMDB ID matches existing catalog record.
MATCH,Ice Age,Fandango | Movies Anywhere,425,Ice Age,2002,Ice Age,2002,,TMDB ID matches existing catalog record.
MATCH,In Bruges,Fandango | Movies Anywhere,8321,In Bruges,2008,In Bruges,2008,,TMDB ID matches existing catalog record.
MATCH,Inception,Fandango | Movies Anywhere,27205,Inception,2010,Inception,2010,,TMDB ID matches existing catalog record.
MATCH,"Incredible Burt Wonderstone, The",Fandango | Movies Anywhere | Prime,124459,The Incredible Burt Wonderstone,2013,"Incredible Burt Wonderstone, The",2013,,TMDB ID matches existing catalog record.
MATCH,Inside Out,Fandango | Movies Anywhere,150540,Inside Out,2015,Inside Out,2015,,TMDB ID matches existing catalog record.
MATCH,Iron Man 3,Fandango | Movies Anywhere,68721,Iron Man 3,2013,Iron Man 3,2013,,TMDB ID matches existing catalog record.
MATCH,Jerry Maguire,Fandango | Movies Anywhere,9390,Jerry Maguire,1996,Jerry Maguire,1996,,TMDB ID matches existing catalog record.
MATCH,Jingle All the Way,Fandango | Movies Anywhere,9279,Jingle All the Way,1996,Jingle All the Way,1996,,TMDB ID matches existing catalog record.
MATCH,John Wick,Fandango | Movies Anywhere,245891,John Wick,2014,John Wick,2014,,TMDB ID matches existing catalog record.
MATCH,John Wick: Chapter 2,Fandango | Movies Anywhere | Prime,324552,John Wick: Chapter 2,2017,John Wick: Chapter 2,2017,,TMDB ID matches existing catalog record.
MATCH,John Wick: Chapter 3 - Parabellum,Fandango,458156,John Wick: Chapter 3 - Parabellum,2019,John Wick: Chapter 3 - Parabellum,2019,,TMDB ID matches existing catalog record.
MATCH,John Wick: Chapter 4,Fandango,603692,John Wick: Chapter 4,2023,John Wick: Chapter 4,2023,,TMDB ID matches existing catalog record.
MATCH,Jumanji: The Next Level,Fandango | Movies Anywhere,512200,Jumanji: The Next Level,2019,Jumanji: The Next Level,2019,,TMDB ID matches existing catalog record.
MATCH,Jumanji: Welcome to the Jungle,Fandango | Movies Anywhere,353486,Jumanji: Welcome to the Jungle,2017,Jumanji: Welcome to the Jungle,2017,,TMDB ID matches existing catalog record.
MATCH,Jurassic Park,Fandango | Movies Anywhere,329,Jurassic Park,1993,Jurassic Park,1993,,TMDB ID matches existing catalog record.
MATCH,Jurassic Park III,Fandango | Movies Anywhere,331,Jurassic Park III,2001,Jurassic Park III,2001,,TMDB ID matches existing catalog record.
MATCH,Jurassic World,Fandango | Movies Anywhere,135397,Jurassic World,2015,Jurassic World,2015,,TMDB ID matches existing catalog record.
MATCH,Jurassic World Dominion,Fandango | Movies Anywhere,507086,Jurassic World Dominion,2022,Jurassic World Dominion,2022,,TMDB ID matches existing catalog record.
MATCH,Jurassic World: Fallen Kingdom,Fandango | Movies Anywhere,351286,Jurassic World: Fallen Kingdom,2018,Jurassic World: Fallen Kingdom,2018,,TMDB ID matches existing catalog record.
MATCH,Justice League,Fandango | Movies Anywhere,141052,Justice League,2017,Justice League,2017,,TMDB ID matches existing catalog record.
MATCH,Kick-Ass,Fandango | Movies Anywhere,23483,Kick-Ass,2010,Kick-Ass,2010,,TMDB ID matches existing catalog record.
MATCH,Kick-Ass 2,Fandango | Movies Anywhere,59859,Kick-Ass 2,2013,Kick-Ass 2,2013,,TMDB ID matches existing catalog record.
MATCH,Kingsman: The Secret Service,Fandango | Movies Anywhere,207703,Kingsman: The Secret Service,2015,Kingsman: The Secret Service,2015,,TMDB ID matches existing catalog record.
MATCH,Knight and Day,Fandango | Movies Anywhere,37834,Knight and Day,2010,Knight and Day,2010,,TMDB ID matches existing catalog record.
MATCH,Last Holiday,Fandango,17379,Last Holiday,2006,Last Holiday,2006,,TMDB ID matches existing catalog record.
MATCH,Legends of the Fall,Fandango | Movies Anywhere,4476,Legends of the Fall,1994,Legends of the Fall,1994,,TMDB ID matches existing catalog record.
MATCH,"Lego Batman Movie, The",Fandango | Movies Anywhere,324849,The Lego Batman Movie,2017,"Lego Batman Movie, The",2017,,TMDB ID matches existing catalog record.
MATCH,"Lego Movie 2: The Second Part, The",Fandango | Movies Anywhere,280217,The Lego Movie 2: The Second Part,2019,"Lego Movie 2: The Second Part, The",2019,,TMDB ID matches existing catalog record.
MATCH,"Lego Movie, The",Fandango | Movies Anywhere,137106,The Lego Movie,2014,"Lego Movie, The",2014,,TMDB ID matches existing catalog record.
MATCH,Love Actually,Fandango | Movies Anywhere,508,Love Actually,2003,Love Actually,2003,,TMDB ID matches existing catalog record.
MATCH,Love the Coopers,Fandango | Movies Anywhere,333348,Love the Coopers,2015,Love the Coopers,2015,,TMDB ID matches existing catalog record.
MATCH,Maggie,Fandango | Movies Anywhere,287424,Maggie,2015,Maggie,2015,,TMDB ID matches existing catalog record.
MATCH,Major League,Fandango,9942,Major League,1989,Major League,1989,,TMDB ID matches existing catalog record.
MATCH,Maleficent,Fandango | Movies Anywhere,102651,Maleficent,2014,Maleficent,2014,,TMDB ID matches existing catalog record.
MATCH,Man of Steel,Fandango | Movies Anywhere,49521,Man of Steel,2013,Man of Steel,2013,,TMDB ID matches existing catalog record.
MATCH,Matchstick Men,Fandango | Movies Anywhere,7270,Matchstick Men,2003,Matchstick Men,2003,,TMDB ID matches existing catalog record.
MATCH,"Matrix, The",Fandango | Movies Anywhere,603,The Matrix,1999,"Matrix, The",1999,,TMDB ID matches existing catalog record.
MATCH,"Mechanic, The",Fandango | Movies Anywhere,27582,The Mechanic,2011,"Mechanic, The",2011,,TMDB ID matches existing catalog record.
MATCH,Meg 2: The Trench,Fandango | Movies Anywhere,615656,Meg 2: The Trench,2023,Meg 2: The Trench,2023,,TMDB ID matches existing catalog record.
MATCH,"Meg, The",Fandango | Movies Anywhere,345940,The Meg,2018,"Meg, The",2018,,TMDB ID matches existing catalog record.
MATCH,Mike and Dave Need Wedding Dates,Fandango | Movies Anywhere,316023,Mike and Dave Need Wedding Dates,2016,Mike and Dave Need Wedding Dates,2016,,TMDB ID matches existing catalog record.
MATCH,Minority Report,Fandango,180,Minority Report,2002,Minority Report,2002,,TMDB ID matches existing catalog record.
MATCH,Mission: Impossible - Ghost Protocol,Fandango,56292,Mission: Impossible - Ghost Protocol,2011,Mission: Impossible - Ghost Protocol,2011,,TMDB ID matches existing catalog record.
MATCH,Moneyball,Fandango | Movies Anywhere,60308,Moneyball,2011,Moneyball,2011,,TMDB ID matches existing catalog record.
MATCH,"Monsters, Inc.",Fandango,585,"Monsters, Inc.",2001,"Monsters, Inc.",2001,,TMDB ID matches existing catalog record.
MATCH,Mortal Kombat,Fandango | Movies Anywhere,460465,Mortal Kombat,2021,Mortal Kombat,2021,,TMDB ID matches existing catalog record.
MATCH,Mr. Right,Fandango | Movies Anywhere,333385,Mr. Right,2016,Mr. Right,2016,,TMDB ID matches existing catalog record.
MATCH,"Mummy Returns, The",Fandango | Movies Anywhere,1734,The Mummy Returns,2001,"Mummy Returns, The",2001,,TMDB ID matches existing catalog record.
MATCH,"Mummy, The",Fandango | Movies Anywhere,564,The Mummy,1999,"Mummy, The",1999,,TMDB ID matches existing catalog record.
MATCH,"Mummy: Tomb of the Dragon Emperor, The",Fandango | Movies Anywhere,1735,The Mummy: Tomb of the Dragon Emperor,2008,"Mummy: Tomb of the Dragon Emperor, The",2008,,TMDB ID matches existing catalog record.
MATCH,National Lampoon's Christmas Vacation,Fandango | Movies Anywhere,5825,National Lampoon's Christmas Vacation,1989,National Lampoon's Christmas Vacation,1989,,TMDB ID matches existing catalog record.
MATCH,"Natural, The",Fandango | Movies Anywhere,11393,The Natural,1984,"Natural, The",1984,,TMDB ID matches existing catalog record.
MATCH,"Night Before, The",Fandango | Movies Anywhere,38966,The Night Before,1988,"Night Before, The",1988,,TMDB ID matches existing catalog record.
MATCH,Now You See Me,Fandango | Movies Anywhere,75656,Now You See Me,2013,Now You See Me,2013,,TMDB ID matches existing catalog record.
MATCH,Now You See Me 2,Fandango | Movies Anywhere,291805,Now You See Me 2,2016,Now You See Me 2,2016,,TMDB ID matches existing catalog record.
MATCH,"Now You See Me, Now You Don't",Fandango | Movies Anywhere,425274,Now You See Me: Now You Don't,2025,"Now You See Me, Now You Don't",2025,,TMDB ID matches existing catalog record.
MATCH,Ocean's 8,Fandango | Movies Anywhere,402900,Ocean's Eight,2018,Ocean's 8,2018,,TMDB ID matches existing catalog record.
MATCH,Ocean's Eleven,Fandango | Movies Anywhere | Prime,161,Ocean's Eleven,2001,Ocean's Eleven,2001,,TMDB ID matches existing catalog record.
MATCH,Ocean's Thirteen,Fandango | Movies Anywhere,298,Ocean's Thirteen,2007,Ocean's Thirteen,2007,,TMDB ID matches existing catalog record.
MATCH,Ocean's Twelve,Fandango | Movies Anywhere,163,Ocean's Twelve,2004,Ocean's Twelve,2004,,TMDB ID matches existing catalog record.
MATCH,Office Christmas Party,Fandango,384682,Office Christmas Party,2016,Office Christmas Party,2016,,TMDB ID matches existing catalog record.
MATCH,Pan,Fandango | Movies Anywhere,266647,Pan,2015,Pan,2015,,TMDB ID matches existing catalog record.
MATCH,Pitch Perfect,Fandango | Movies Anywhere,114150,Pitch Perfect,2012,Pitch Perfect,2012,,TMDB ID matches existing catalog record.
MATCH,Pitch Perfect 2,Fandango | Movies Anywhere,254470,Pitch Perfect 2,2015,Pitch Perfect 2,2015,,TMDB ID matches existing catalog record.
MATCH,Pitch Perfect 3,Fandango | Movies Anywhere,353616,Pitch Perfect 3,2017,Pitch Perfect 3,2017,,TMDB ID matches existing catalog record.
MATCH,"Planes, Trains and Automobiles",Fandango,2609,"Planes, Trains and Automobiles",1987,"Planes, Trains and Automobiles",1987,,TMDB ID matches existing catalog record.
MATCH,"Polar Express, The",Fandango | Movies Anywhere,5255,The Polar Express,2004,"Polar Express, The",2004,,TMDB ID matches existing catalog record.
MATCH,Rambo,Fandango | Movies Anywhere,7555,Rambo,2008,Rambo,2008,,TMDB ID matches existing catalog record.
MATCH,Return to Never Land,Fandango,16690,Return to Never Land,2002,Return to Never Land,2002,,TMDB ID matches existing catalog record.
MATCH,Riddick,Fandango | Movies Anywhere,87421,Riddick,2013,Riddick,2013,,TMDB ID matches existing catalog record.
MATCH,Rise of the Planet of the Apes,Fandango | Movies Anywhere,61791,Rise of the Planet of the Apes,2011,Rise of the Planet of the Apes,2011,,TMDB ID matches existing catalog record.
MATCH,Rock of Ages,Fandango | Movies Anywhere,80585,Rock of Ages,2012,Rock of Ages,2012,,TMDB ID matches existing catalog record.
MATCH,Rocky Balboa,Fandango,1246,Rocky Balboa,2006,Rocky Balboa,2006,,TMDB ID matches existing catalog record.
MATCH,Rounders,Prime,10220,Rounders,1998,Rounders,1998,,TMDB ID matches existing catalog record.
MATCH,Rudy,Fandango | Movies Anywhere,14534,Rudy,1993,Rudy,1993,,TMDB ID matches existing catalog record.
MATCH,Shazam!,Fandango | Movies Anywhere | Prime,287947,Shazam!,2019,Shazam!,2019,,TMDB ID matches existing catalog record.
MATCH,Sherlock Holmes: A Game of Shadows,Fandango | Movies Anywhere,58574,Sherlock Holmes: A Game of Shadows,2011,Sherlock Holmes: A Game of Shadows,2011,,TMDB ID matches existing catalog record.
MATCH,Sing,Fandango | Movies Anywhere,335797,Sing,2016,Sing,2016,,TMDB ID matches existing catalog record.
MATCH,Sonic the Hedgehog,Fandango,454626,Sonic the Hedgehog,2020,Sonic the Hedgehog,2020,,TMDB ID matches existing catalog record.
MATCH,Sonic the Hedgehog 2,Fandango,675353,Sonic the Hedgehog 2,2022,Sonic the Hedgehog 2,2022,,TMDB ID matches existing catalog record.
MATCH,Sonic the Hedgehog 3,Fandango,939243,Sonic the Hedgehog 3,2024,Sonic the Hedgehog 3,2024,,TMDB ID matches existing catalog record.
MATCH,Speed,Fandango | Movies Anywhere,1637,Speed,1994,Speed,1994,,TMDB ID matches existing catalog record.
MATCH,Spy,Fandango | Movies Anywhere,238713,Spy,2015,Spy,2015,,TMDB ID matches existing catalog record.
MATCH,Star Trek Into Darkness,Fandango,54138,Star Trek Into Darkness,2013,Star Trek Into Darkness,2013,,TMDB ID matches existing catalog record.
MATCH,Suicide Squad,Fandango | Movies Anywhere,297761,Suicide Squad,2016,Suicide Squad,2016,,TMDB ID matches existing catalog record.
MATCH,Sweeney Todd: The Demon Barber of Fleet Street,Fandango,13885,Sweeney Todd: The Demon Barber of Fleet Street,2007,Sweeney Todd: The Demon Barber of Fleet Street,2007,,TMDB ID matches existing catalog record.
MATCH,Tango & Cash,Fandango | Movies Anywhere,9618,Tango & Cash,1989,Tango & Cash,1989,,TMDB ID matches existing catalog record.
MATCH,That's My Boy,Fandango | Movies Anywhere,87428,That's My Boy,2012,That's My Boy,2012,,TMDB ID matches existing catalog record.
MATCH,Thor: The Dark World,Fandango | Movies Anywhere,76338,Thor: The Dark World,2013,Thor: The Dark World,2013,,TMDB ID matches existing catalog record.
MATCH,Top Gun: Maverick,Fandango,361743,Top Gun: Maverick,2022,Top Gun: Maverick,2022,,TMDB ID matches existing catalog record.
MATCH,Total Recall,Fandango | Movies Anywhere,861,Total Recall,1990,Total Recall,1990,,TMDB ID matches existing catalog record.
MATCH,Transformers: Age of Extinction,Fandango,91314,Transformers: Age of Extinction,2014,Transformers: Age of Extinction,2014,,TMDB ID matches existing catalog record.
MATCH,Transformers: The Last Knight,Fandango,335988,Transformers: The Last Knight,2017,Transformers: The Last Knight,2017,,TMDB ID matches existing catalog record.
MATCH,Trolls,Fandango | Movies Anywhere,136799,Trolls,2016,Trolls,2016,,TMDB ID matches existing catalog record.
MATCH,Trouble with the Curve,Fandango | Movies Anywhere,87825,Trouble with the Curve,2012,Trouble with the Curve,2012,,TMDB ID matches existing catalog record.
MATCH,True Lies,Fandango | Movies Anywhere,36955,True Lies,1994,True Lies,1994,,TMDB ID matches existing catalog record.
MATCH,"Twilight Saga: Breaking Dawn - Part 1, The",Fandango,50619,The Twilight Saga: Breaking Dawn - Part 1,2011,"Twilight Saga: Breaking Dawn - Part 1, The",2011,,TMDB ID matches existing catalog record.
MATCH,"Twilight Saga: Breaking Dawn - Part 2, The",Fandango | Movies Anywhere,50620,The Twilight Saga: Breaking Dawn - Part 2,2012,"Twilight Saga: Breaking Dawn - Part 2, The",2012,,TMDB ID matches existing catalog record.
MATCH,Underworld: Awakening,Fandango | Movies Anywhere,52520,Underworld: Awakening,2012,Underworld: Awakening,2012,,TMDB ID matches existing catalog record.
MATCH,V for Vendetta,Fandango | Movies Anywhere,752,V for Vendetta,2006,V for Vendetta,2006,,TMDB ID matches existing catalog record.
MATCH,Violent Night,Fandango | Movies Anywhere,899112,Violent Night,2022,Violent Night,2022,,TMDB ID matches existing catalog record.
MATCH,Warrior,Fandango | Movies Anywhere,59440,Warrior,2011,Warrior,2011,,TMDB ID matches existing catalog record.
MATCH,Wayne's World,Fandango,8872,Wayne's World,1992,Wayne's World,1992,,TMDB ID matches existing catalog record.
MATCH,Wayne's World 2,Fandango,8873,Wayne's World 2,1993,Wayne's World 2,1993,,TMDB ID matches existing catalog record.
MATCH,We're the Millers,Fandango | Movies Anywhere,138832,We're the Millers,2013,We're the Millers,2013,,TMDB ID matches existing catalog record.
MATCH,Wicked,Fandango | Movies Anywhere,402431,Wicked,2024,Wicked,2024,,TMDB ID matches existing catalog record.
MATCH,Wicked: For Good,Fandango | Movies Anywhere,967941,Wicked: For Good,2025,Wicked: For Good,2025,,TMDB ID matches existing catalog record.
MATCH,Willy Wonka & the Chocolate Factory,Fandango | Movies Anywhere,252,Willy Wonka & the Chocolate Factory,1971,Willy Wonka & the Chocolate Factory,1971,,TMDB ID matches existing catalog record.
MATCH,Wonder Woman,Fandango | Movies Anywhere,297762,Wonder Woman,2017,Wonder Woman,2017,,TMDB ID matches existing catalog record.
MATCH,Wonka,Fandango | Movies Anywhere,787699,Wonka,2023,Wonka,2023,,TMDB ID matches existing catalog record.
MATCH,Wrath of Man,Fandango,637649,Wrath of Man,2021,Wrath of Man,2021,,TMDB ID matches existing catalog record.
MATCH,X-Men: Days of Future Past,Fandango | Movies Anywhere,127585,X-Men: Days of Future Past,2014,X-Men: Days of Future Past,2014,,TMDB ID matches existing catalog record.
MATCH,Aladdin,Fandango | Movies Anywhere,420817,Aladdin,2019,Aladdin,2019,,TMDB ID matches existing catalog record.
MATCH,Rambo: First Blood,Fandango | Movies Anywhere | Prime,1368,First Blood,1982,Rambo: First Blood,1976,,TMDB ID matches existing catalog record.
NEW,2001: A Space Odyssey,Fandango | Movies Anywhere,62,2001: A Space Odyssey,1968,,,,TMDB ID does not exist in movies.js.
NEW,300: Rise of an Empire,Fandango | Movies Anywhere,53182,300: Rise of an Empire,2014,,,,TMDB ID does not exist in movies.js.
NEW,A Bad Moms Christmas,Fandango | Movies Anywhere,431530,A Bad Moms Christmas,2017,,,,TMDB ID does not exist in movies.js.
NEW,A Clockwork Orange,Fandango | Movies Anywhere,185,A Clockwork Orange,1971,,,,TMDB ID does not exist in movies.js.
NEW,A Knight's Tale,Fandango | Movies Anywhere,9476,A Knight's Tale,2001,,,,TMDB ID does not exist in movies.js.
NEW,A Merry Friggin' Christmas,Prime,286532,A Merry Friggin' Christmas,2014,,,,TMDB ID does not exist in movies.js.
NEW,A Very Nutty Christmas,Prime,550651,A Very Nutty Christmas,2018,,,,TMDB ID does not exist in movies.js.
NEW,Addams Family Values,Fandango,2758,Addams Family Values,1993,,,,TMDB ID does not exist in movies.js.
NEW,Aladdin and the King of Thieves,Fandango | Movies Anywhere,11238,Aladdin and the King of Thieves,1996,,,,TMDB ID does not exist in movies.js.
NEW,Aladdin: The Return of Jafar,Fandango | Movies Anywhere,15969,The Return of Jafar,1994,,,,TMDB ID does not exist in movies.js.
NEW,Anna,Fandango | Movies Anywhere,484641,Anna,2019,,,,TMDB ID does not exist in movies.js.
NEW,Annie,Fandango | Movies Anywhere,196867,Annie,2014,,,,TMDB ID does not exist in movies.js.
NEW,Anyone But You,Fandango | Movies Anywhere,1072790,Anyone but You,2023,,,,TMDB ID does not exist in movies.js.
NEW,Away From Her,Fandango,1919,Away from Her,2007,,,,TMDB ID does not exist in movies.js.
NEW,Bad Boys: Ride or Die,Fandango | Movies Anywhere,573435,Bad Boys: Ride or Die,2024,,,,TMDB ID does not exist in movies.js.
NEW,Bad Santa 2 Unrated,Prime,338964,Bad Santa 2,2016,,,,TMDB ID does not exist in movies.js.
NEW,Bad Times at The El Royale,Fandango | Movies Anywhere,446021,Bad Times at the El Royale,2018,,,,TMDB ID does not exist in movies.js.
MATCH,Ballerina: From the World of John Wick,Fandango | Movies Anywhere,541671,Ballerina,2025,Ballerina,2025,,TMDB ID matches existing catalog record.
NEW,Barbie,Fandango | Movies Anywhere,346698,Barbie,2023,,,,TMDB ID does not exist in movies.js.
NEW,Barry Lyndon,Fandango | Movies Anywhere,3175,Barry Lyndon,1975,,,,TMDB ID does not exist in movies.js.
NEW,Basic Instinct,Prime,402,Basic Instinct,1992,,,,TMDB ID does not exist in movies.js.
NEW,Batman & Mr. Freeze: Sub-Zero,Fandango | Movies Anywhere,15805,Batman & Mr. Freeze: SubZero,1998,,,,TMDB ID does not exist in movies.js.
NEW,Batman: Mask of the Phantasm,Fandango | Movies Anywhere,14919,Batman: Mask of the Phantasm,1993,,,,TMDB ID does not exist in movies.js.
NEW,Behind Enemy Lines,Fandango | Movies Anywhere,8007,Behind Enemy Lines,2001,,,,TMDB ID does not exist in movies.js.
NEW,Being John Malkovich,Fandango | Movies Anywhere,492,Being John Malkovich,1999,,,,TMDB ID does not exist in movies.js.
NEW,Big Hero 6,Fandango | Movies Anywhere,177572,Big Hero 6,2014,,,,TMDB ID does not exist in movies.js.
NEW,Big Trouble In Little China,Fandango | Movies Anywhere,6978,Big Trouble in Little China,1986,,,,TMDB ID does not exist in movies.js.
NEW,Bill & Ted Face the Music,Fandango,501979,Bill & Ted Face the Music,2020,,,,TMDB ID does not exist in movies.js.
NEW,Bill and Ted's Bogus Journey,Fandango,1649,Bill & Ted's Bogus Journey,1991,,,,TMDB ID does not exist in movies.js.
NEW,Bill and Ted's Excellent Adventure,Fandango,1648,Bill & Ted's Excellent Adventure,1989,,,,TMDB ID does not exist in movies.js.
MATCH,Birds Of Prey And The Fantabulous Emancipation Of One Harley Quinn,Fandango | Movies Anywhere,495764,Birds of Prey (and the Fantabulous Emancipation of One Harley Quinn),2020,Birds of Prey,2020,,TMDB ID matches existing catalog record.
NEW,Blade Runner 2049,Fandango | Movies Anywhere,335984,Blade Runner 2049,2017,,,,TMDB ID does not exist in movies.js.
NEW,Boogie Nights,Fandango | Movies Anywhere,4995,Boogie Nights,1997,,,,TMDB ID does not exist in movies.js.
REVIEW,Carrie (1976),Prime,,,,,,,No TMDB ID available.
NEW,Catch Me if You Can,Fandango,640,Catch Me If You Can,2002,,,,TMDB ID does not exist in movies.js.
NEW,Chicago,Prime,1574,Chicago,2002,,,,TMDB ID does not exist in movies.js.
NEW,Christmas in Connecticut,Fandango | Movies Anywhere,13669,Christmas in Connecticut,1945,,,,TMDB ID does not exist in movies.js.
NEW,Clerks III,Fandango,635891,Clerks III,2022,,,,TMDB ID does not exist in movies.js.
NEW,Clue,Prime,15196,Clue,1985,,,,TMDB ID does not exist in movies.js.
NEW,Cold Pursuit,Fandango | Movies Anywhere,438650,Cold Pursuit,2019,,,,TMDB ID does not exist in movies.js.
NEW,Conan The Barbarian,Fandango | Movies Anywhere,9387,Conan the Barbarian,1982,,,,TMDB ID does not exist in movies.js.
NEW,Cowboys & Aliens,Fandango | Movies Anywhere,49849,Cowboys & Aliens,2011,,,,TMDB ID does not exist in movies.js.
NEW,"Crazy, Stupid, Love",Fandango | Movies Anywhere,50646,"Crazy, Stupid, Love.",2011,,,,TMDB ID does not exist in movies.js.
NEW,Daylight,Fandango | Movies Anywhere,11228,Daylight,1996,,,,TMDB ID does not exist in movies.js.
NEW,Dear Santa,Fandango,1097870,Dear Santa,2024,,,,TMDB ID does not exist in movies.js.
NEW,Death Becomes Her,Fandango | Movies Anywhere,9374,Death Becomes Her,1992,,,,TMDB ID does not exist in movies.js.
NEW,Death Race 2,Fandango | Movies Anywhere,51620,Death Race 2,2010,,,,TMDB ID does not exist in movies.js.
MATCH,Divergent,Fandango | Movies Anywhere,157350,Divergent,2014,Divergent Saga: Divergent,2014,,TMDB ID matches existing catalog record.
NEW,Dogma,Fandango | Movies Anywhere,1832,Dogma,1999,,,,TMDB ID does not exist in movies.js.
MATCH,Dr. Seuss' The Lorax,Fandango | Movies Anywhere,73723,The Lorax,2012,"Lorax, The",2012,,TMDB ID matches existing catalog record.
NEW,Dungeons & Dragons: Honor Among Thieves,Prime,493529,Dungeons & Dragons: Honor Among Thieves,2023,,,,TMDB ID does not exist in movies.js.
NEW,Easy A,Fandango | Movies Anywhere,37735,Easy A,2010,,,,TMDB ID does not exist in movies.js.
NEW,Eraser,Fandango | Movies Anywhere,9268,Eraser,1996,,,,TMDB ID does not exist in movies.js.
NEW,Escape Plan,Fandango | Movies Anywhere,107846,Escape Plan,2013,,,,TMDB ID does not exist in movies.js.
NEW,Eyes Wide Shut,Fandango | Movies Anywhere,345,Eyes Wide Shut,1999,,,,TMDB ID does not exist in movies.js.
MATCH,F9 The Fast Saga,Fandango | Movies Anywhere,385128,F9,2021,Fast & Furious: F 9,2021,,TMDB ID matches existing catalog record.
MATCH,F9 The Fast Saga: The Director's Cut,Fandango,385128,F9,2021,Fast & Furious: F 9,2021,,TMDB ID matches existing catalog record.
NEW,Family Plot,Fandango | Movies Anywhere,5854,Family Plot,1976,,,,TMDB ID does not exist in movies.js.
NEW,Fantastic Beasts and Where to Find Them,Fandango | Movies Anywhere,259316,Fantastic Beasts and Where to Find Them,2016,,,,TMDB ID does not exist in movies.js.
NEW,Fantastic Beasts: The Crimes Of Grindelwald,Fandango | Movies Anywhere,338952,Fantastic Beasts: The Crimes of Grindelwald,2018,,,,TMDB ID does not exist in movies.js.
NEW,Fast & Furious,Fandango | Movies Anywhere,384018,Fast & Furious Presents: Hobbs & Shaw,2019,,,,TMDB ID does not exist in movies.js.
NEW,Fast & Furious Presents: Hobbs & Shaw,Fandango | Movies Anywhere,384018,Fast & Furious Presents: Hobbs & Shaw,2019,,,,TMDB ID does not exist in movies.js.
MATCH,Fast Five,Fandango | Movies Anywhere,51497,Fast Five,2011,Fast & Furious: Fast 5,2011,,TMDB ID matches existing catalog record.
MATCH,Fast X,Fandango | Movies Anywhere,385687,Fast X,2023,Fast & Furious: Fast 10,2023,,TMDB ID matches existing catalog record.
NEW,Father Goose,Fandango,30295,Father Goose,1964,,,,TMDB ID does not exist in movies.js.
NEW,Final Destination 3,Fandango | Movies Anywhere,9286,Final Destination 3,2006,,,,TMDB ID does not exist in movies.js.
NEW,Final Destination 5,Fandango | Movies Anywhere,55779,Final Destination 5,2011,,,,TMDB ID does not exist in movies.js.
NEW,For Love of the Game,Fandango | Movies Anywhere,10390,For Love of the Game,1999,,,,TMDB ID does not exist in movies.js.
NEW,Friends With Benefits,Fandango | Movies Anywhere,50544,Friends with Benefits,2011,,,,TMDB ID does not exist in movies.js.
NEW,Full Metal Jacket,Fandango | Movies Anywhere,600,Full Metal Jacket,1987,,,,TMDB ID does not exist in movies.js.
MATCH,Furious 7,Fandango | Movies Anywhere,168259,Furious 7,2015,Fast & Furious: Fast 7,2015,,TMDB ID matches existing catalog record.
NEW,Ghost,Fandango,251,Ghost,1990,,,,TMDB ID does not exist in movies.js.
REVIEW,Ghostbusters (2016) Extended Edition,Movies Anywhere,,,,,,,No TMDB ID available.
NEW,Ghostbusters: Afterlife,Fandango | Movies Anywhere,425909,Ghostbusters: Afterlife,2021,,,,TMDB ID does not exist in movies.js.
NEW,Gladiator II,Prime,558449,Gladiator II,2024,,,,TMDB ID does not exist in movies.js.
NEW,Groundhog Day,Fandango | Movies Anywhere,137,Groundhog Day,1993,,,,TMDB ID does not exist in movies.js.
NEW,Haul Out the Holly,Prime,1028556,Haul Out the Holly,2022,,,,TMDB ID does not exist in movies.js.
NEW,Haul Out the Holly: Lit Up,Prime,1154268,Haul Out the Holly: Lit Up,2023,,,,TMDB ID does not exist in movies.js.
NEW,"History of the World, Part I",Fandango | Movies Anywhere,10156,History of the World: Part I,1981,,,,TMDB ID does not exist in movies.js.
NEW,Home for the Holidays,Fandango,9089,Home for the Holidays,1995,,,,TMDB ID does not exist in movies.js.
NEW,Hook,Fandango | Movies Anywhere,879,Hook,1991,,,,TMDB ID does not exist in movies.js.
NEW,Houseboat,Fandango,1377,Houseboat,1958,,,,TMDB ID does not exist in movies.js.
REVIEW,How the Grinch Stole Christmas! / Horton Hears a Who!,Prime,,,,,,,No TMDB ID available.
NEW,How to Train Your Dragon,Fandango | Movies Anywhere,1087192,How to Train Your Dragon,2025,,,,TMDB ID does not exist in movies.js.
NEW,How to Train Your Dragon 2,Fandango | Movies Anywhere,82702,How to Train Your Dragon 2,2014,,,,TMDB ID does not exist in movies.js.
NEW,Idiocracy,Fandango | Movies Anywhere,7512,Idiocracy,2006,,,,TMDB ID does not exist in movies.js.
NEW,In the Grey,Fandango | Movies Anywhere,1122573,In the Grey,2026,,,,TMDB ID does not exist in movies.js.
NEW,Indian Summer,Fandango | Movies Anywhere,80173,Indian Summer,1995,,,,TMDB ID does not exist in movies.js.
NEW,Indiscreet,Fandango,22874,Indiscreet,1958,,,,TMDB ID does not exist in movies.js.
NEW,Is This Thing On?,Fandango | Movies Anywhere,1140498,Is This Thing On?,2025,,,,TMDB ID does not exist in movies.js.
NEW,It Happens Every Spring,Fandango | Movies Anywhere,88288,It Happens Every Spring,1949,,,,TMDB ID does not exist in movies.js.
NEW,Jason Bourne,Fandango | Movies Anywhere,324668,Jason Bourne,2016,,,,TMDB ID does not exist in movies.js.
NEW,Just One of the Guys,Fandango | Movies Anywhere,24548,Just One of the Guys,1985,,,,TMDB ID does not exist in movies.js.
NEW,Kill Bill: The Whole Bloody Affair,Fandango,414419,Kill Bill: The Whole Bloody Affair,2011,,,,TMDB ID does not exist in movies.js.
NEW,Killers,Fandango | Movies Anywhere,241,Natural Born Killers,1994,,,,TMDB ID does not exist in movies.js.
NEW,Knives Out,Fandango | Movies Anywhere,546554,Knives Out,2019,,,,TMDB ID does not exist in movies.js.
NEW,Kuffs,Fandango | Movies Anywhere,14603,Kuffs,1992,,,,TMDB ID does not exist in movies.js.
NEW,Kung Fu Panda,Fandango | Movies Anywhere,9502,Kung Fu Panda,2008,,,,TMDB ID does not exist in movies.js.
NEW,La La Land,Fandango | Movies Anywhere,313369,La La Land,2016,,,,TMDB ID does not exist in movies.js.
NEW,Lean on Me,Fandango | Movies Anywhere,14621,Lean On Me,1989,,,,TMDB ID does not exist in movies.js.
NEW,Little Big League,Fandango | Movies Anywhere,31504,Little Big League,1994,,,,TMDB ID does not exist in movies.js.
NEW,Little Shop of Horrors,Fandango | Movies Anywhere,10776,Little Shop of Horrors,1986,,,,TMDB ID does not exist in movies.js.
NEW,Little Women,Fandango | Movies Anywhere,331482,Little Women,2019,,,,TMDB ID does not exist in movies.js.
NEW,Lolita,Fandango | Movies Anywhere,9769,Lolita,1997,,,,TMDB ID does not exist in movies.js.
NEW,London Has Fallen,Fandango | Movies Anywhere,267860,London Has Fallen,2016,,,,TMDB ID does not exist in movies.js.
NEW,MacGruber,Fandango | Movies Anywhere,37931,MacGruber,2010,,,,TMDB ID does not exist in movies.js.
NEW,Mad Max: Fury Road,Fandango | Movies Anywhere,76341,Mad Max: Fury Road,2015,,,,TMDB ID does not exist in movies.js.
NEW,Magnolia,Fandango | Movies Anywhere,334,Magnolia,1999,,,,TMDB ID does not exist in movies.js.
NEW,Magnolia (1999),Prime,334,Magnolia,1999,,,,TMDB ID does not exist in movies.js.
NEW,Mary Poppins,Fandango | Movies Anywhere,433,Mary Poppins,1964,,,,TMDB ID does not exist in movies.js.
NEW,Maze Runner: The Death Cure,Fandango | Movies Anywhere,336843,Maze Runner: The Death Cure,2018,,,,TMDB ID does not exist in movies.js.
NEW,Maze Runner: The Scorch Trials,Fandango | Movies Anywhere,294254,Maze Runner: The Scorch Trials,2015,,,,TMDB ID does not exist in movies.js.
NEW,Mechanic Resurrection,Fandango,278924,Mechanic: Resurrection,2016,,,,TMDB ID does not exist in movies.js.
NEW,Mickey's Magical Christmas: Snowed In at the House of Mouse,Fandango | Movies Anywhere,21448,Mickey's Magical Christmas: Snowed in at the House of Mouse,2001,,,,TMDB ID does not exist in movies.js.
NEW,Midnight Run,Fandango | Movies Anywhere,9013,Midnight Run,1988,,,,TMDB ID does not exist in movies.js.
NEW,Miracle on 34th Street,Fandango | Movies Anywhere,10510,Miracle on 34th Street,1994,,,,TMDB ID does not exist in movies.js.
REVIEW,Miracle on 34th Street (1947),Prime,,,,,,,No TMDB ID available.
NEW,Murder on the Orient Express,Fandango | Movies Anywhere,392044,Murder on the Orient Express,2017,,,,TMDB ID does not exist in movies.js.
NEW,Nerve,Fandango | Movies Anywhere,328387,Nerve,2016,,,,TMDB ID does not exist in movies.js.
NEW,Network,Fandango | Movies Anywhere,37799,The Social Network,2010,,,,TMDB ID does not exist in movies.js.
NEW,Never Been Kissed,Fandango | Movies Anywhere,11355,Never Been Kissed,1999,,,,TMDB ID does not exist in movies.js.
NEW,No Hard Feelings,Fandango | Movies Anywhere,884605,No Hard Feelings,2023,,,,TMDB ID does not exist in movies.js.
NEW,Operation Fortune: Ruse de Guerre,Fandango | Movies Anywhere,739405,Operation Fortune: Ruse de Guerre,2023,,,,TMDB ID does not exist in movies.js.
NEW,Operation Petticoat,Fandango,9660,Operation Petticoat,1959,,,,TMDB ID does not exist in movies.js.
NEW,Out of Sight,Fandango | Movies Anywhere,1389,Out of Sight,1998,,,,TMDB ID does not exist in movies.js.
NEW,Paranormal Activity,Fandango,23827,Paranormal Activity,2007,,,,TMDB ID does not exist in movies.js.
NEW,Passenger 57,Fandango | Movies Anywhere,10538,Passenger 57,1992,,,,TMDB ID does not exist in movies.js.
REVIEW,Pixie Hollow Games: Disney Fairies (Short),Fandango | Movies Anywhere,,,,,,,No TMDB ID available.
NEW,Plane,Fandango | Movies Anywhere,646389,Plane,2023,,,,TMDB ID does not exist in movies.js.
NEW,Psycho,Fandango,539,Psycho,1960,,,,TMDB ID does not exist in movies.js.
REVIEW,Psycho (1998),Movies Anywhere,,,,,,,No TMDB ID available.
NEW,Puffs,Prime,1247046,Puffs,2024,,,,TMDB ID does not exist in movies.js.
NEW,Rango,Prime,44896,Rango,2011,,,,TMDB ID does not exist in movies.js.
NEW,Ready Player One,Fandango | Movies Anywhere,333339,Ready Player One,2018,,,,TMDB ID does not exist in movies.js.
NEW,Rocky,Fandango,1366,Rocky,1976,,,,TMDB ID does not exist in movies.js.
NEW,Rocky II,Fandango,1367,Rocky II,1979,,,,TMDB ID does not exist in movies.js.
NEW,Rocky III,Fandango,1371,Rocky III,1982,,,,TMDB ID does not exist in movies.js.
NEW,Rocky IV,Fandango,1374,Rocky IV,1985,,,,TMDB ID does not exist in movies.js.
NEW,Rocky IV: Rocky vs. Drago The Ultimate Director's Cut,Fandango,1374,Rocky IV,1985,,,,TMDB ID does not exist in movies.js.
NEW,Rocky V,Fandango,1375,Rocky V,1990,,,,TMDB ID does not exist in movies.js.
NEW,Roger Corman's Death Race 2050,Fandango | Movies Anywhere,401544,Death Race 2050,2017,,,,TMDB ID does not exist in movies.js.
NEW,Schindler's List,Fandango | Movies Anywhere,424,Schindler's List,1993,,,,TMDB ID does not exist in movies.js.
NEW,Shelter,Fandango | Movies Anywhere,1290821,Shelter,2026,,,,TMDB ID does not exist in movies.js.
MATCH,Skyfall,Fandango,37724,Skyfall,2012,007: Skyfall,2012,,TMDB ID matches existing catalog record.
NEW,Sneakers,Fandango | Movies Anywhere,2322,Sneakers,1992,,,,TMDB ID does not exist in movies.js.
NEW,So I Married An Axe Murderer,Fandango | Movies Anywhere,10442,So I Married an Axe Murderer,1993,,,,TMDB ID does not exist in movies.js.
NEW,Son-In-Law,Fandango | Movies Anywhere,13203,Son in Law,1993,,,,TMDB ID does not exist in movies.js.
NEW,Soul Survivors,Fandango,14033,Soul Survivors,2001,,,,TMDB ID does not exist in movies.js.
MATCH,Spectre,Fandango,206647,Spectre,2015,007: Spectre,2015,,TMDB ID matches existing catalog record.
NEW,Spider-Man: Homecoming,Fandango | Movies Anywhere,315635,Spider-Man: Homecoming,2017,,,,TMDB ID does not exist in movies.js.
NEW,Spider-Man: Into The Spider-Verse,Fandango | Movies Anywhere,324857,Spider-Man: Into the Spider-Verse,2018,,,,TMDB ID does not exist in movies.js.
NEW,Spider-Man: No Way Home,Fandango | Movies Anywhere,634649,Spider-Man: No Way Home,2021,,,,TMDB ID does not exist in movies.js.
NEW,Spy Game,Fandango | Movies Anywhere,1535,Spy Game,2001,,,,TMDB ID does not exist in movies.js.
NEW,Street Fighter,Fandango | Movies Anywhere,11667,Street Fighter,1994,,,,TMDB ID does not exist in movies.js.
NEW,Sudden Death,Fandango | Movies Anywhere,9091,Sudden Death,1995,,,,TMDB ID does not exist in movies.js.
NEW,Sunset Boulevard,Fandango,599,Sunset Boulevard,1950,,,,TMDB ID does not exist in movies.js.
NEW,Teen Witch,Prime,25199,Teen Witch,1989,,,,TMDB ID does not exist in movies.js.
NEW,That Touch of Mink,Fandango,12708,That Touch of Mink,1962,,,,TMDB ID does not exist in movies.js.
NEW,The Addams Family,Fandango,481084,The Addams Family,2019,,,,TMDB ID does not exist in movies.js.
NEW,The American President,Fandango | Movies Anywhere,9087,The American President,1995,,,,TMDB ID does not exist in movies.js.
NEW,The Conversation,Fandango,592,The Conversation,1974,,,,TMDB ID does not exist in movies.js.
NEW,The Expendables 3,Fandango | Movies Anywhere,138103,The Expendables 3,2014,,,,TMDB ID does not exist in movies.js.
NEW,The Fall Guy,Fandango | Movies Anywhere,746036,The Fall Guy,2024,,,,TMDB ID does not exist in movies.js.
MATCH,The Fate of the Furious,Fandango | Movies Anywhere,337339,The Fate of the Furious,2017,Fast & Furious: Fast 8,2017,,TMDB ID matches existing catalog record.
NEW,The Final Destination 4,Movies Anywhere,19912,The Final Destination,2009,,,,TMDB ID does not exist in movies.js.
NEW,The Fugitive,Fandango | Movies Anywhere,5503,The Fugitive,1993,,,,TMDB ID does not exist in movies.js.
NEW,The Grass Is Greener,Fandango,25767,The Grass Is Greener,1960,,,,TMDB ID does not exist in movies.js.
NEW,The Great Outdoors,Fandango | Movies Anywhere,2617,The Great Outdoors,1988,,,,TMDB ID does not exist in movies.js.
MATCH,The Hangover Part 2,Fandango,45243,The Hangover Part II,2011,"Hangover Part II, The",2011,,TMDB ID matches existing catalog record.
NEW,The Hangover Part 3,Fandango,109439,The Hangover Part III,2013,,,,TMDB ID does not exist in movies.js.
MATCH,The Hangover Part II,Movies Anywhere,45243,The Hangover Part II,2011,"Hangover Part II, The",2011,,TMDB ID matches existing catalog record.
NEW,The Hangover Part III,Movies Anywhere,109439,The Hangover Part III,2013,,,,TMDB ID does not exist in movies.js.
NEW,The Housemaid,Fandango | Movies Anywhere,1368166,The Housemaid,2025,,,,TMDB ID does not exist in movies.js.
NEW,The Hunger Games: The Ballad of Songbirds & Snakes,Fandango | Movies Anywhere,695721,The Hunger Games: The Ballad of Songbirds & Snakes,2023,,,,TMDB ID does not exist in movies.js.
NEW,The Italian Job,Fandango,9654,The Italian Job,2003,,,,TMDB ID does not exist in movies.js.
NEW,The Land Before Time XII: The Great Day of the Flyers,Fandango | Movies Anywhere,31933,The Land Before Time XII: The Great Day of the Flyers,2006,,,,TMDB ID does not exist in movies.js.
NEW,The LEGO Ninjago Movie,Fandango | Movies Anywhere,274862,The Lego Ninjago Movie,2017,,,,TMDB ID does not exist in movies.js.
MATCH,The Lost World: Jurassic Park,Fandango | Movies Anywhere,330,The Lost World: Jurassic Park,1997,Jurassic Park: The Lost World,1997,,TMDB ID matches existing catalog record.
NEW,The Man Who Invented Christmas,Fandango | Movies Anywhere,450322,The Man Who Invented Christmas,2017,,,,TMDB ID does not exist in movies.js.
NEW,The Mask of Zorro,Fandango | Movies Anywhere,9342,The Mask of Zorro,1998,,,,TMDB ID does not exist in movies.js.
NEW,The Maze Runner,Fandango | Movies Anywhere,198663,The Maze Runner,2014,,,,TMDB ID does not exist in movies.js.
NEW,The Ministry Of Ungentlemanly Warfare,Fandango | Movies Anywhere,799583,The Ministry of Ungentlemanly Warfare,2024,,,,TMDB ID does not exist in movies.js.
NEW,The Naked Gun,Fandango,1035259,The Naked Gun,2025,,,,TMDB ID does not exist in movies.js.
NEW,The Nice Guys,Fandango | Movies Anywhere,290250,The Nice Guys,2016,,,,TMDB ID does not exist in movies.js.
NEW,The Producers,Fandango | Movies Anywhere,30197,The Producers,1968,,,,TMDB ID does not exist in movies.js.
REVIEW,The ProtÃ©gÃ©,Fandango | Movies Anywhere,,,,,,,No TMDB ID available.
NEW,The Score,Fandango,11371,The Score,2001,,,,TMDB ID does not exist in movies.js.
NEW,The Shining,Fandango | Movies Anywhere,694,The Shining,1980,,,,TMDB ID does not exist in movies.js.
NEW,The Siege,Fandango | Movies Anywhere,9882,The Siege,1998,,,,TMDB ID does not exist in movies.js.
NEW,The Sound of Music,Fandango | Movies Anywhere,15121,The Sound of Music,1965,,,,TMDB ID does not exist in movies.js.
NEW,The Super Mario Bros. Movie,Fandango | Movies Anywhere,502356,The Super Mario Bros. Movie,2023,,,,TMDB ID does not exist in movies.js.
NEW,The Unbearable Weight of Massive Talent,Fandango | Movies Anywhere,648579,The Unbearable Weight of Massive Talent,2022,,,,TMDB ID does not exist in movies.js.
NEW,The War of the Roses,Fandango | Movies Anywhere,249,The War of the Roses,1989,,,,TMDB ID does not exist in movies.js.
NEW,To Catch a Thief,Fandango,381,To Catch a Thief,1955,,,,TMDB ID does not exist in movies.js.
NEW,Twister,Fandango | Movies Anywhere,664,Twister,1996,,,,TMDB ID does not exist in movies.js.
NEW,Twisters,Fandango | Movies Anywhere,718821,Twisters,2024,,,,TMDB ID does not exist in movies.js.
NEW,Valentine's Day,Fandango | Movies Anywhere,32856,Valentine's Day,2010,,,,TMDB ID does not exist in movies.js.
NEW,Venom,Fandango | Movies Anywhere,335983,Venom,2018,,,,TMDB ID does not exist in movies.js.
NEW,Venom: Let There Be Carnage,Fandango | Movies Anywhere,580489,Venom: Let There Be Carnage,2021,,,,TMDB ID does not exist in movies.js.
NEW,Vertigo,Fandango | Movies Anywhere,426,Vertigo,1958,,,,TMDB ID does not exist in movies.js.
NEW,What Happens Later,Prime,970948,What Happens Later,2023,,,,TMDB ID does not exist in movies.js.
