"action","digital_title","digital_provider","tmdbId","tmdbTitle","year","reason"
"UPDATE","A Christmas Story","Fandango | Movies Anywhere","850","A Christmas Story","1983","Digital provider added to existing catalog record ""A Christmas Story""."
"UPDATE","A League of Their Own","Fandango | Movies Anywhere","11287","A League of Their Own","1992","Digital provider added to existing catalog record ""A League of Their Own""."
"UPDATE","A Star Is Born","Fandango | Movies Anywhere","332562","A Star Is Born","2018","Digital provider added to existing catalog record ""A Star Is Born""."
"UPDATE","A Very Harold & Kumar Christmas","Fandango | Movies Anywhere","55465","A Very Harold & Kumar Christmas","2011","Digital provider added to existing catalog record ""A Very Harold & Kumar Christmas""."
"UPDATE","A-Team, The","Fandango | Movies Anywhere","34544","The A-Team","2010","Digital provider added to existing catalog record ""A-Team, The""."
"UPDATE","Abraham Lincoln: Vampire Hunter","Fandango | Movies Anywhere","72331","Abraham Lincoln: Vampire Hunter","2012","Digital provider added to existing catalog record ""Abraham Lincoln: Vampire Hunter""."
"UPDATE","Accountant 2, The","Fandango","870028","The Accountant²","2025","Digital provider added to existing catalog record ""Accountant 2, The""."
"UPDATE","Accountant, The","Fandango | Movies Anywhere","302946","The Accountant","2016","Digital provider added to existing catalog record ""Accountant, The""."
"UPDATE","Across the Universe","Fandango | Movies Anywhere","4688","Across the Universe","2007","Digital provider added to existing catalog record ""Across the Universe""."
"UPDATE","Amazing Spider-Man, The","Fandango | Movies Anywhere","1930","The Amazing Spider-Man","2012","Digital provider added to existing catalog record ""Amazing Spider-Man, The""."
"UPDATE","Aquaman","Fandango | Movies Anywhere","297802","Aquaman","2018","Digital provider added to existing catalog record ""Aquaman""."
"UPDATE","Batman Begins","Fandango | Movies Anywhere","272","Batman Begins","2005","Digital provider added to existing catalog record ""Batman Begins""."
"UPDATE","Batman v Superman: Dawn of Justice","Fandango | Movies Anywhere | Prime","209112","Batman v Superman: Dawn of Justice","2016","Digital provider added to existing catalog record ""Batman v Superman: Dawn of Justice""."
"UPDATE","Batman, The","Fandango | Movies Anywhere","414906","The Batman","2022","Digital provider added to existing catalog record ""Batman, The""."
"UPDATE","Baywatch","Fandango","339846","Baywatch","2017","Digital provider added to existing catalog record ""Baywatch""."
"UPDATE","Beauty and the Beast","Fandango | Movies Anywhere","321612","Beauty and the Beast","2017","Digital provider added to existing catalog record ""Beauty and the Beast""."
"UPDATE","Beekeeper, The","Fandango","866398","The Beekeeper","2024","Digital provider added to existing catalog record ""Beekeeper, The""."
"UPDATE","Begin Again","Fandango | Movies Anywhere","198277","Begin Again","2014","Digital provider added to existing catalog record ""Begin Again""."
"UPDATE","Best Christmas Pageant Ever, The","Fandango | Movies Anywhere","1206617","The Best Christmas Pageant Ever","2024","Digital provider added to existing catalog record ""Best Christmas Pageant Ever, The""."
"UPDATE","Bodyguard, The","Fandango | Movies Anywhere","619","The Bodyguard","1992","Digital provider added to existing catalog record ""Bodyguard, The""."
"UPDATE","Bourne Identity, The","Fandango | Movies Anywhere","2501","The Bourne Identity","2002","Digital provider added to existing catalog record ""Bourne Identity, The""."
"UPDATE","Bourne Legacy, The","Fandango | Movies Anywhere","49040","The Bourne Legacy","2012","Digital provider added to existing catalog record ""Bourne Legacy, The""."
"UPDATE","Bourne Supremacy, The","Fandango | Movies Anywhere","2502","The Bourne Supremacy","2004","Digital provider added to existing catalog record ""Bourne Supremacy, The""."
"UPDATE","Bourne Ultimatum, The","Fandango | Movies Anywhere","2503","The Bourne Ultimatum","2007","Digital provider added to existing catalog record ""Bourne Ultimatum, The""."
"UPDATE","Brave","Fandango | Movies Anywhere","62177","Brave","2012","Digital provider added to existing catalog record ""Brave""."
"UPDATE","Bullet to the Head","Fandango | Movies Anywhere","70074","Bullet to the Head","2012","Digital provider added to existing catalog record ""Bullet to the Head""."
"UPDATE","Christmas with the Kranks","Fandango | Movies Anywhere","13673","Christmas with the Kranks","2004","Digital provider added to existing catalog record ""Christmas with the Kranks""."
"UPDATE","Cinderella","Fandango","150689","Cinderella","2015","Digital provider added to existing catalog record ""Cinderella""."
"UPDATE","Creed","Fandango","312221","Creed","2015","Digital provider added to existing catalog record ""Creed""."
"UPDATE","Creed II","Fandango","480530","Creed II","2018","Digital provider added to existing catalog record ""Creed II""."
"UPDATE","Creed III","Fandango","677179","Creed III","2023","Digital provider added to existing catalog record ""Creed III""."
"UPDATE","Dark Knight Rises, The","Fandango | Movies Anywhere","49026","The Dark Knight Rises","2012","Digital provider added to existing catalog record ""Dark Knight Rises, The""."
"UPDATE","Dark Knight, The","Fandango | Movies Anywhere","155","The Dark Knight","2008","Digital provider added to existing catalog record ""Dark Knight, The""."
"UPDATE","Dawn of the Planet of the Apes","Fandango | Movies Anywhere","119450","Dawn of the Planet of the Apes","2014","Digital provider added to existing catalog record ""Dawn of the Planet of the Apes""."
"UPDATE","Deadpool","Fandango | Movies Anywhere","293660","Deadpool","2016","Digital provider added to existing catalog record ""Deadpool""."
"UPDATE","Demolition Man","Fandango | Movies Anywhere","9739","Demolition Man","1993","Digital provider added to existing catalog record ""Demolition Man""."
"UPDATE","Devil Wears Prada, The","Fandango | Movies Anywhere","350","The Devil Wears Prada","2006","Digital provider added to existing catalog record ""Devil Wears Prada, The""."
"UPDATE","Die Hard 5: A Good Day to Die Hard","Fandango | Movies Anywhere","47964","A Good Day to Die Hard","2013","Digital provider added to existing catalog record ""Die Hard 5: A Good Day to Die Hard""."
"UPDATE","Divergent Saga: Allegiant","Fandango","262504","Allegiant","2016","Digital provider added to existing catalog record ""Divergent Saga: Allegiant""."
"UPDATE","Divergent Saga: Insurgent","Fandango","262500","Insurgent","2015","Digital provider added to existing catalog record ""Divergent Saga: Insurgent""."
"UPDATE","Dredd","Fandango | Movies Anywhere","49049","Dredd","2012","Digital provider added to existing catalog record ""Dredd""."
"UPDATE","Dumb and Dumber To","Fandango | Movies Anywhere","100042","Dumb and Dumber To","2014","Digital provider added to existing catalog record ""Dumb and Dumber To""."
"UPDATE","Elf","Fandango | Movies Anywhere","10719","Elf","2003","Digital provider added to existing catalog record ""Elf""."
"UPDATE","Ender's Game","Fandango","80274","Ender's Game","2013","Digital provider added to existing catalog record ""Ender's Game""."
"UPDATE","Expendables 2, The","Fandango | Movies Anywhere","76163","The Expendables 2","2012","Digital provider added to existing catalog record ""Expendables 2, The""."
"UPDATE","Expendables, The","Fandango | Movies Anywhere","27578","The Expendables","2010","Digital provider added to existing catalog record ""Expendables, The""."
"UPDATE","Fast & Furious: Fast 6","Fandango | Movies Anywhere","82992","Fast & Furious 6","2013","Digital provider added to existing catalog record ""Fast & Furious: Fast 6""."
"UPDATE","Field of Dreams","Fandango | Movies Anywhere","2323","Field of Dreams","1989","Digital provider added to existing catalog record ""Field of Dreams""."
"UPDATE","Final Destination","Fandango | Movies Anywhere","9532","Final Destination","2000","Digital provider added to existing catalog record ""Final Destination""."
"UPDATE","Final Destination 2","Fandango | Movies Anywhere","9358","Final Destination 2","2003","Digital provider added to existing catalog record ""Final Destination 2""."
"UPDATE","Flash, The","Fandango | Movies Anywhere","298618","The Flash","2023","Digital provider added to existing catalog record ""Flash, The""."
"UPDATE","Frozen","Fandango | Movies Anywhere","109445","Frozen","2013","Digital provider added to existing catalog record ""Frozen""."
"UPDATE","G.I. Joe: Retaliation","Fandango","72559","G.I. Joe: Retaliation","2013","Digital provider added to existing catalog record ""G.I. Joe: Retaliation""."
"UPDATE","Ghostbusters","Fandango | Prime","620","Ghostbusters","1984","Digital provider added to existing catalog record ""Ghostbusters""."
"UPDATE","Girl with the Dragon Tattoo, The","Fandango | Movies Anywhere","65754","The Girl with the Dragon Tattoo","2011","Digital provider added to existing catalog record ""Girl with the Dragon Tattoo, The""."
"UPDATE","Gladiator","Fandango","98","Gladiator","2000","Digital provider added to existing catalog record ""Gladiator""."
"UPDATE","Greatest Showman, The","Fandango | Movies Anywhere","316029","The Greatest Showman","2017","Digital provider added to existing catalog record ""Greatest Showman, The""."
"UPDATE","Grinch, The","Fandango | Movies Anywhere","360920","The Grinch","2018","Digital provider added to existing catalog record ""Grinch, The""."
"UPDATE","Grown Ups 2","Fandango | Movies Anywhere","109418","Grown Ups 2","2013","Digital provider added to existing catalog record ""Grown Ups 2""."
"UPDATE","Grudge Match","Fandango | Movies Anywhere","64807","Grudge Match","2013","Digital provider added to existing catalog record ""Grudge Match""."
"UPDATE","Guardians of the Galaxy Vol. 2","Fandango | Movies Anywhere","283995","Guardians of the Galaxy Vol. 2","2017","Digital provider added to existing catalog record ""Guardians of the Galaxy Vol. 2""."
"UPDATE","Harry Potter and the Chamber of Secrets","Fandango | Movies Anywhere","672","Harry Potter and the Chamber of Secrets","2002","Digital provider added to existing catalog record ""Harry Potter and the Chamber of Secrets""."
"UPDATE","Harry Potter and the Deathly Hallows: Part 1","Fandango | Movies Anywhere","12444","Harry Potter and the Deathly Hallows: Part 1","2010","Digital provider added to existing catalog record ""Harry Potter and the Deathly Hallows: Part 1""."
"UPDATE","Harry Potter and the Deathly Hallows: Part 2","Fandango | Movies Anywhere","12445","Harry Potter and the Deathly Hallows: Part 2","2011","Digital provider added to existing catalog record ""Harry Potter and the Deathly Hallows: Part 2""."
"UPDATE","Harry Potter and the Goblet of Fire","Fandango | Movies Anywhere","674","Harry Potter and the Goblet of Fire","2005","Digital provider added to existing catalog record ""Harry Potter and the Goblet of Fire""."
"UPDATE","Harry Potter and the Half-Blood Prince","Fandango | Movies Anywhere","767","Harry Potter and the Half-Blood Prince","2009","Digital provider added to existing catalog record ""Harry Potter and the Half-Blood Prince""."
"UPDATE","Harry Potter and the Order of the Phoenix","Fandango | Movies Anywhere","675","Harry Potter and the Order of the Phoenix","2007","Digital provider added to existing catalog record ""Harry Potter and the Order of the Phoenix""."
"UPDATE","Harry Potter and the Prisoner of Azkaban","Fandango | Movies Anywhere","673","Harry Potter and the Prisoner of Azkaban","2004","Digital provider added to existing catalog record ""Harry Potter and the Prisoner of Azkaban""."
"REVIEW","Harry Potter and the Sorcerer's Stone","Fandango | Movies Anywhere","671","Harry Potter and the Philosopher's Stone","2001","TMDB ID was not supplied in the import file; manual confirmation required."
"UPDATE","Heat, The","Fandango | Movies Anywhere","136795","The Heat","2013","Digital provider added to existing catalog record ""Heat, The""."
"UPDATE","Holdovers, The","Fandango | Movies Anywhere","840430","The Holdovers","2023","Digital provider added to existing catalog record ""Holdovers, The""."
"UPDATE","Holiday, The","Fandango | Movies Anywhere","1581","The Holiday","2006","Digital provider added to existing catalog record ""Holiday, The""."
"UPDATE","Horrible Bosses","Fandango | Movies Anywhere","51540","Horrible Bosses","2011","Digital provider added to existing catalog record ""Horrible Bosses""."
"UPDATE","How the Grinch Stole Christmas","Fandango | Movies Anywhere","8871","How the Grinch Stole Christmas","2000","Digital provider added to existing catalog record ""How the Grinch Stole Christmas""."
"UPDATE","Hunger Games, The","Fandango | Movies Anywhere","70160","The Hunger Games","2012","Digital provider added to existing catalog record ""Hunger Games, The""."
"UPDATE","Hunger Games: Catching Fire, The","Fandango","101299","The Hunger Games: Catching Fire","2013","Digital provider added to existing catalog record ""Hunger Games: Catching Fire, The""."
"UPDATE","Hunger Games: Mockingjay - Part 1, The","Fandango","131631","The Hunger Games: Mockingjay - Part 1","2014","Digital provider added to existing catalog record ""Hunger Games: Mockingjay - Part 1, The""."
"UPDATE","Hunger Games: Mockingjay - Part 2, The","Fandango | Movies Anywhere","131634","The Hunger Games: Mockingjay - Part 2","2015","Digital provider added to existing catalog record ""Hunger Games: Mockingjay - Part 2, The""."
"UPDATE","Ice Age","Fandango | Movies Anywhere","425","Ice Age","2002","Digital provider added to existing catalog record ""Ice Age""."
"UPDATE","In Bruges","Fandango | Movies Anywhere","8321","In Bruges","2008","Digital provider added to existing catalog record ""In Bruges""."
"UPDATE","Inception","Fandango | Movies Anywhere","27205","Inception","2010","Digital provider added to existing catalog record ""Inception""."
"UPDATE","Incredible Burt Wonderstone, The","Fandango | Movies Anywhere | Prime","124459","The Incredible Burt Wonderstone","2013","Digital provider added to existing catalog record ""Incredible Burt Wonderstone, The""."
"UPDATE","Inside Out","Fandango | Movies Anywhere","150540","Inside Out","2015","Digital provider added to existing catalog record ""Inside Out""."
"UPDATE","Iron Man 3","Fandango | Movies Anywhere","68721","Iron Man 3","2013","Digital provider added to existing catalog record ""Iron Man 3""."
"UPDATE","Jerry Maguire","Fandango | Movies Anywhere","9390","Jerry Maguire","1996","Digital provider added to existing catalog record ""Jerry Maguire""."
"UPDATE","Jingle All the Way","Fandango | Movies Anywhere","9279","Jingle All the Way","1996","Digital provider added to existing catalog record ""Jingle All the Way""."
"UPDATE","John Wick","Fandango | Movies Anywhere","245891","John Wick","2014","Digital provider added to existing catalog record ""John Wick""."
"UPDATE","John Wick: Chapter 2","Fandango | Movies Anywhere | Prime","324552","John Wick: Chapter 2","2017","Digital provider added to existing catalog record ""John Wick: Chapter 2""."
"UPDATE","John Wick: Chapter 3 - Parabellum","Fandango","458156","John Wick: Chapter 3 - Parabellum","2019","Digital provider added to existing catalog record ""John Wick: Chapter 3 - Parabellum""."
"UPDATE","John Wick: Chapter 4","Fandango","603692","John Wick: Chapter 4","2023","Digital provider added to existing catalog record ""John Wick: Chapter 4""."
"UPDATE","Jumanji: The Next Level","Fandango | Movies Anywhere","512200","Jumanji: The Next Level","2019","Digital provider added to existing catalog record ""Jumanji: The Next Level""."
"UPDATE","Jumanji: Welcome to the Jungle","Fandango | Movies Anywhere","353486","Jumanji: Welcome to the Jungle","2017","Digital provider added to existing catalog record ""Jumanji: Welcome to the Jungle""."
"UPDATE","Jurassic Park","Fandango | Movies Anywhere","329","Jurassic Park","1993","Digital provider added to existing catalog record ""Jurassic Park""."
"UPDATE","Jurassic Park III","Fandango | Movies Anywhere","331","Jurassic Park III","2001","Digital provider added to existing catalog record ""Jurassic Park III""."
"UPDATE","Jurassic World","Fandango | Movies Anywhere","135397","Jurassic World","2015","Digital provider added to existing catalog record ""Jurassic World""."
"UPDATE","Jurassic World Dominion","Fandango | Movies Anywhere","507086","Jurassic World Dominion","2022","Digital provider added to existing catalog record ""Jurassic World Dominion""."
"UPDATE","Jurassic World: Fallen Kingdom","Fandango | Movies Anywhere","351286","Jurassic World: Fallen Kingdom","2018","Digital provider added to existing catalog record ""Jurassic World: Fallen Kingdom""."
"UPDATE","Justice League","Fandango | Movies Anywhere","141052","Justice League","2017","Digital provider added to existing catalog record ""Justice League""."
"UPDATE","Kick-Ass","Fandango | Movies Anywhere","23483","Kick-Ass","2010","Digital provider added to existing catalog record ""Kick-Ass""."
"UPDATE","Kick-Ass 2","Fandango | Movies Anywhere","59859","Kick-Ass 2","2013","Digital provider added to existing catalog record ""Kick-Ass 2""."
"UPDATE","Kingsman: The Secret Service","Fandango | Movies Anywhere","207703","Kingsman: The Secret Service","2015","Digital provider added to existing catalog record ""Kingsman: The Secret Service""."
"UPDATE","Knight and Day","Fandango | Movies Anywhere","37834","Knight and Day","2010","Digital provider added to existing catalog record ""Knight and Day""."
"UPDATE","Last Holiday","Fandango","17379","Last Holiday","2006","Digital provider added to existing catalog record ""Last Holiday""."
"UPDATE","Legends of the Fall","Fandango | Movies Anywhere","4476","Legends of the Fall","1994","Digital provider added to existing catalog record ""Legends of the Fall""."
"UPDATE","Lego Batman Movie, The","Fandango | Movies Anywhere","324849","The Lego Batman Movie","2017","Digital provider added to existing catalog record ""Lego Batman Movie, The""."
"UPDATE","Lego Movie 2: The Second Part, The","Fandango | Movies Anywhere","280217","The Lego Movie 2: The Second Part","2019","Digital provider added to existing catalog record ""Lego Movie 2: The Second Part, The""."
"UPDATE","Lego Movie, The","Fandango | Movies Anywhere","137106","The Lego Movie","2014","Digital provider added to existing catalog record ""Lego Movie, The""."
"UPDATE","Love Actually","Fandango | Movies Anywhere","508","Love Actually","2003","Digital provider added to existing catalog record ""Love Actually""."
"UPDATE","Love the Coopers","Fandango | Movies Anywhere","333348","Love the Coopers","2015","Digital provider added to existing catalog record ""Love the Coopers""."
"UPDATE","Maggie","Fandango | Movies Anywhere","287424","Maggie","2015","Digital provider added to existing catalog record ""Maggie""."
"UPDATE","Major League","Fandango","9942","Major League","1989","Digital provider added to existing catalog record ""Major League""."
"UPDATE","Maleficent","Fandango | Movies Anywhere","102651","Maleficent","2014","Digital provider added to existing catalog record ""Maleficent""."
"UPDATE","Man of Steel","Fandango | Movies Anywhere","49521","Man of Steel","2013","Digital provider added to existing catalog record ""Man of Steel""."
"UPDATE","Matchstick Men","Fandango | Movies Anywhere","7270","Matchstick Men","2003","Digital provider added to existing catalog record ""Matchstick Men""."
"UPDATE","Matrix, The","Fandango | Movies Anywhere","603","The Matrix","1999","Digital provider added to existing catalog record ""Matrix, The""."
"UPDATE","Mechanic, The","Fandango | Movies Anywhere","27582","The Mechanic","2011","Digital provider added to existing catalog record ""Mechanic, The""."
"UPDATE","Meg 2: The Trench","Fandango | Movies Anywhere","615656","Meg 2: The Trench","2023","Digital provider added to existing catalog record ""Meg 2: The Trench""."
"UPDATE","Meg, The","Fandango | Movies Anywhere","345940","The Meg","2018","Digital provider added to existing catalog record ""Meg, The""."
"UPDATE","Mike and Dave Need Wedding Dates","Fandango | Movies Anywhere","316023","Mike and Dave Need Wedding Dates","2016","Digital provider added to existing catalog record ""Mike and Dave Need Wedding Dates""."
"UPDATE","Minority Report","Fandango","180","Minority Report","2002","Digital provider added to existing catalog record ""Minority Report""."
"UPDATE","Mission: Impossible - Ghost Protocol","Fandango","56292","Mission: Impossible - Ghost Protocol","2011","Digital provider added to existing catalog record ""Mission: Impossible - Ghost Protocol""."
"UPDATE","Moneyball","Fandango | Movies Anywhere","60308","Moneyball","2011","Digital provider added to existing catalog record ""Moneyball""."
"UPDATE","Monsters, Inc.","Fandango","585","Monsters, Inc.","2001","Digital provider added to existing catalog record ""Monsters, Inc.""."
"UPDATE","Mortal Kombat","Fandango | Movies Anywhere","460465","Mortal Kombat","2021","Digital provider added to existing catalog record ""Mortal Kombat""."
"UPDATE","Mr. Right","Fandango | Movies Anywhere","333385","Mr. Right","2016","Digital provider added to existing catalog record ""Mr. Right""."
"UPDATE","Mummy Returns, The","Fandango | Movies Anywhere","1734","The Mummy Returns","2001","Digital provider added to existing catalog record ""Mummy Returns, The""."
"UPDATE","Mummy, The","Fandango | Movies Anywhere","564","The Mummy","1999","Digital provider added to existing catalog record ""Mummy, The""."
"UPDATE","Mummy: Tomb of the Dragon Emperor, The","Fandango | Movies Anywhere","1735","The Mummy: Tomb of the Dragon Emperor","2008","Digital provider added to existing catalog record ""Mummy: Tomb of the Dragon Emperor, The""."
"UPDATE","National Lampoon's Christmas Vacation","Fandango | Movies Anywhere","5825","National Lampoon's Christmas Vacation","1989","Digital provider added to existing catalog record ""National Lampoon's Christmas Vacation""."
"UPDATE","Natural, The","Fandango | Movies Anywhere","11393","The Natural","1984","Digital provider added to existing catalog record ""Natural, The""."
"UPDATE","Night Before, The","Fandango | Movies Anywhere","38966","The Night Before","1988","Digital provider added to existing catalog record ""Night Before, The""."
"UPDATE","Now You See Me","Fandango | Movies Anywhere","75656","Now You See Me","2013","Digital provider added to existing catalog record ""Now You See Me""."
"UPDATE","Now You See Me 2","Fandango | Movies Anywhere","291805","Now You See Me 2","2016","Digital provider added to existing catalog record ""Now You See Me 2""."
"UPDATE","Now You See Me, Now You Don't","Fandango | Movies Anywhere","425274","Now You See Me: Now You Don't","2025","Digital provider added to existing catalog record ""Now You See Me, Now You Don't""."
"UPDATE","Ocean's 8","Fandango | Movies Anywhere","402900","Ocean's Eight","2018","Digital provider added to existing catalog record ""Ocean's 8""."
"UPDATE","Ocean's Eleven","Fandango | Movies Anywhere | Prime","161","Ocean's Eleven","2001","Digital provider added to existing catalog record ""Ocean's Eleven""."
"UPDATE","Ocean's Thirteen","Fandango | Movies Anywhere","298","Ocean's Thirteen","2007","Digital provider added to existing catalog record ""Ocean's Thirteen""."
"UPDATE","Ocean's Twelve","Fandango | Movies Anywhere","163","Ocean's Twelve","2004","Digital provider added to existing catalog record ""Ocean's Twelve""."
"UPDATE","Office Christmas Party","Fandango","384682","Office Christmas Party","2016","Digital provider added to existing catalog record ""Office Christmas Party""."
"UPDATE","Pan","Fandango | Movies Anywhere","266647","Pan","2015","Digital provider added to existing catalog record ""Pan""."
"UPDATE","Pitch Perfect","Fandango | Movies Anywhere","114150","Pitch Perfect","2012","Digital provider added to existing catalog record ""Pitch Perfect""."
"UPDATE","Pitch Perfect 2","Fandango | Movies Anywhere","254470","Pitch Perfect 2","2015","Digital provider added to existing catalog record ""Pitch Perfect 2""."
"UPDATE","Pitch Perfect 3","Fandango | Movies Anywhere","353616","Pitch Perfect 3","2017","Digital provider added to existing catalog record ""Pitch Perfect 3""."
"UPDATE","Planes, Trains and Automobiles","Fandango","2609","Planes, Trains and Automobiles","1987","Digital provider added to existing catalog record ""Planes, Trains and Automobiles""."
"UPDATE","Polar Express, The","Fandango | Movies Anywhere","5255","The Polar Express","2004","Digital provider added to existing catalog record ""Polar Express, The""."
"UPDATE","Rambo","Fandango | Movies Anywhere","7555","Rambo","2008","Digital provider added to existing catalog record ""Rambo""."
"UPDATE","Return to Never Land","Fandango","16690","Return to Never Land","2002","Digital provider added to existing catalog record ""Return to Never Land""."
"UPDATE","Riddick","Fandango | Movies Anywhere","87421","Riddick","2013","Digital provider added to existing catalog record ""Riddick""."
"UPDATE","Rise of the Planet of the Apes","Fandango | Movies Anywhere","61791","Rise of the Planet of the Apes","2011","Digital provider added to existing catalog record ""Rise of the Planet of the Apes""."
"UPDATE","Rock of Ages","Fandango | Movies Anywhere","80585","Rock of Ages","2012","Digital provider added to existing catalog record ""Rock of Ages""."
"UPDATE","Rocky Balboa","Fandango","1246","Rocky Balboa","2006","Digital provider added to existing catalog record ""Rocky Balboa""."
"UPDATE","Rounders","Prime","10220","Rounders","1998","Digital provider added to existing catalog record ""Rounders""."
"UPDATE","Rudy","Fandango | Movies Anywhere","14534","Rudy","1993","Digital provider added to existing catalog record ""Rudy""."
"UPDATE","Shazam!","Fandango | Movies Anywhere | Prime","287947","Shazam!","2019","Digital provider added to existing catalog record ""Shazam!""."
"UPDATE","Sherlock Holmes: A Game of Shadows","Fandango | Movies Anywhere","58574","Sherlock Holmes: A Game of Shadows","2011","Digital provider added to existing catalog record ""Sherlock Holmes: A Game of Shadows""."
"UPDATE","Sing","Fandango | Movies Anywhere","335797","Sing","2016","Digital provider added to existing catalog record ""Sing""."
"UPDATE","Sonic the Hedgehog","Fandango","454626","Sonic the Hedgehog","2020","Digital provider added to existing catalog record ""Sonic the Hedgehog""."
"UPDATE","Sonic the Hedgehog 2","Fandango","675353","Sonic the Hedgehog 2","2022","Digital provider added to existing catalog record ""Sonic the Hedgehog 2""."
"UPDATE","Sonic the Hedgehog 3","Fandango","939243","Sonic the Hedgehog 3","2024","Digital provider added to existing catalog record ""Sonic the Hedgehog 3""."
"UPDATE","Speed","Fandango | Movies Anywhere","1637","Speed","1994","Digital provider added to existing catalog record ""Speed""."
"UPDATE","Spy","Fandango | Movies Anywhere","238713","Spy","2015","Digital provider added to existing catalog record ""Spy""."
"UPDATE","Star Trek Into Darkness","Fandango","54138","Star Trek Into Darkness","2013","Digital provider added to existing catalog record ""Star Trek Into Darkness""."
"UPDATE","Suicide Squad","Fandango | Movies Anywhere","297761","Suicide Squad","2016","Digital provider added to existing catalog record ""Suicide Squad""."
"UPDATE","Sweeney Todd: The Demon Barber of Fleet Street","Fandango","13885","Sweeney Todd: The Demon Barber of Fleet Street","2007","Digital provider added to existing catalog record ""Sweeney Todd: The Demon Barber of Fleet Street""."
"UPDATE","Tango & Cash","Fandango | Movies Anywhere","9618","Tango & Cash","1989","Digital provider added to existing catalog record ""Tango & Cash""."
"UPDATE","That's My Boy","Fandango | Movies Anywhere","87428","That's My Boy","2012","Digital provider added to existing catalog record ""That's My Boy""."
"UPDATE","Thor: The Dark World","Fandango | Movies Anywhere","76338","Thor: The Dark World","2013","Digital provider added to existing catalog record ""Thor: The Dark World""."
"UPDATE","Top Gun: Maverick","Fandango","361743","Top Gun: Maverick","2022","Digital provider added to existing catalog record ""Top Gun: Maverick""."
"UPDATE","Total Recall","Fandango | Movies Anywhere","861","Total Recall","1990","Digital provider added to existing catalog record ""Total Recall""."
"UPDATE","Transformers: Age of Extinction","Fandango","91314","Transformers: Age of Extinction","2014","Digital provider added to existing catalog record ""Transformers: Age of Extinction""."
"UPDATE","Transformers: The Last Knight","Fandango","335988","Transformers: The Last Knight","2017","Digital provider added to existing catalog record ""Transformers: The Last Knight""."
"UPDATE","Trolls","Fandango | Movies Anywhere","136799","Trolls","2016","Digital provider added to existing catalog record ""Trolls""."
"UPDATE","Trouble with the Curve","Fandango | Movies Anywhere","87825","Trouble with the Curve","2012","Digital provider added to existing catalog record ""Trouble with the Curve""."
"UPDATE","True Lies","Fandango | Movies Anywhere","36955","True Lies","1994","Digital provider added to existing catalog record ""True Lies""."
"UPDATE","Twilight Saga: Breaking Dawn - Part 1, The","Fandango","50619","The Twilight Saga: Breaking Dawn - Part 1","2011","Digital provider added to existing catalog record ""Twilight Saga: Breaking Dawn - Part 1, The""."
"UPDATE","Twilight Saga: Breaking Dawn - Part 2, The","Fandango | Movies Anywhere","50620","The Twilight Saga: Breaking Dawn - Part 2","2012","Digital provider added to existing catalog record ""Twilight Saga: Breaking Dawn - Part 2, The""."
"UPDATE","Underworld: Awakening","Fandango | Movies Anywhere","52520","Underworld: Awakening","2012","Digital provider added to existing catalog record ""Underworld: Awakening""."
"UPDATE","V for Vendetta","Fandango | Movies Anywhere","752","V for Vendetta","2006","Digital provider added to existing catalog record ""V for Vendetta""."
"UPDATE","Violent Night","Fandango | Movies Anywhere","899112","Violent Night","2022","Digital provider added to existing catalog record ""Violent Night""."
"UPDATE","Warrior","Fandango | Movies Anywhere","59440","Warrior","2011","Digital provider added to existing catalog record ""Warrior""."
"UPDATE","Wayne's World","Fandango","8872","Wayne's World","1992","Digital provider added to existing catalog record ""Wayne's World""."
"UPDATE","Wayne's World 2","Fandango","8873","Wayne's World 2","1993","Digital provider added to existing catalog record ""Wayne's World 2""."
"UPDATE","We're the Millers","Fandango | Movies Anywhere","138832","We're the Millers","2013","Digital provider added to existing catalog record ""We're the Millers""."
"UPDATE","Wicked","Fandango | Movies Anywhere","402431","Wicked","2024","Digital provider added to existing catalog record ""Wicked""."
"UPDATE","Wicked: For Good","Fandango | Movies Anywhere","967941","Wicked: For Good","2025","Digital provider added to existing catalog record ""Wicked: For Good""."
"UPDATE","Willy Wonka & the Chocolate Factory","Fandango | Movies Anywhere","252","Willy Wonka & the Chocolate Factory","1971","Digital provider added to existing catalog record ""Willy Wonka & the Chocolate Factory""."
"UPDATE","Wonder Woman","Fandango | Movies Anywhere","297762","Wonder Woman","2017","Digital provider added to existing catalog record ""Wonder Woman""."
"UPDATE","Wonka","Fandango | Movies Anywhere","787699","Wonka","2023","Digital provider added to existing catalog record ""Wonka""."
"UPDATE","Wrath of Man","Fandango","637649","Wrath of Man","2021","Digital provider added to existing catalog record ""Wrath of Man""."
"UPDATE","X-Men: Days of Future Past","Fandango | Movies Anywhere","127585","X-Men: Days of Future Past","2014","Digital provider added to existing catalog record ""X-Men: Days of Future Past""."
"UPDATE","Aladdin","Fandango | Movies Anywhere","420817","Aladdin","2019","Digital provider added to existing catalog record ""Aladdin""."
"UPDATE","Rambo: First Blood","Fandango | Movies Anywhere | Prime","1368","First Blood","1982","Digital provider added to existing catalog record ""Rambo: First Blood""."
"REVIEW","2001: A Space Odyssey","Fandango | Movies Anywhere","62","2001: A Space Odyssey","1968","TMDB ID was not supplied in the import file; manual confirmation required."
"REVIEW","300: Rise of an Empire","Fandango | Movies Anywhere","53182","300: Rise of an Empire","2014","TMDB ID was not supplied in the import file; manual confirmation required."
"REVIEW","A Bad Moms Christmas","Fandango | Movies Anywhere","431530","A Bad Moms Christmas","2017","TMDB ID was not supplied in the import file; manual confirmation required."
"REVIEW","A Clockwork Orange","Fandango | Movies Anywhere","185","A Clockwork Orange","1971","TMDB ID was not supplied in the import file; manual confirmation required."
"REVIEW","A Knight's Tale","Fandango | Movies Anywhere","9476","A Knight's Tale","2001","TMDB ID was not supplied in the import file; manual confirmation required."
"REVIEW","A Merry Friggin' Christmas","Prime","286532","A Merry Friggin' Christmas","2014","TMDB ID was not supplied in the import file; manual confirmation required."
"REVIEW","A Very Nutty Christmas","Prime","550651","A Very Nutty Christmas","2018","TMDB ID was not supplied in the import file; manual confirmation required."
"REVIEW","Addams Family Values","Fandango","2758","Addams Family Values","1993","TMDB ID was not supplied in the import file; manual confirmation required."
"REVIEW","Aladdin and the King of Thieves","Fandango | Movies Anywhere","11238","Aladdin and the King of Thieves","1996","TMDB ID was not supplied in the import file; manual confirmation required."
"REVIEW","Aladdin: The Return of Jafar","Fandango | Movies Anywhere","15969","The Return of Jafar","1994","TMDB ID was not supplied in the import file; manual confirmation required."
"REVIEW","Anna","Fandango | Movies Anywhere","484641","Anna","2019","TMDB ID was not supplied in the import file; manual confirmation required."
"REVIEW","Annie","Fandango | Movies Anywhere","196867","Annie","2014","TMDB ID was not supplied in the import file; manual confirmation required."
"REVIEW","Anyone But You","Fandango | Movies Anywhere","1072790","Anyone but You","2023","TMDB ID was not supplied in the import file; manual confirmation required."
"REVIEW","Away From Her","Fandango","1919","Away from Her","2007","TMDB ID was not supplied in the import file; manual confirmation required."
"REVIEW","Bad Boys: Ride or Die","Fandango | Movies Anywhere","573435","Bad Boys: Ride or Die","2024","TMDB ID was not supplied in the import file; manual confirmation required."
"REVIEW","Bad Santa 2 Unrated","Prime","338964","Bad Santa 2","2016","TMDB ID was not supplied in the import file; manual confirmation required."
"REVIEW","Bad Times at The El Royale","Fandango | Movies Anywhere","446021","Bad Times at the El Royale","2018","TMDB ID was not supplied in the import file; manual confirmation required."
"UPDATE","Ballerina: From the World of John Wick","Fandango | Movies Anywhere","541671","Ballerina","2025","Digital provider added to existing catalog record ""Ballerina""."
"REVIEW","Barbie","Fandango | Movies Anywhere","346698","Barbie","2023","TMDB ID was not supplied in the import file; manual confirmation required."
"REVIEW","Barry Lyndon","Fandango | Movies Anywhere","3175","Barry Lyndon","1975","TMDB ID was not supplied in the import file; manual confirmation required."
"REVIEW","Basic Instinct","Prime","402","Basic Instinct","1992","TMDB ID was not supplied in the import file; manual confirmation required."
"REVIEW","Batman & Mr. Freeze: Sub-Zero","Fandango | Movies Anywhere","15805","Batman & Mr. Freeze: SubZero","1998","TMDB ID was not supplied in the import file; manual confirmation required."
"REVIEW","Batman: Mask of the Phantasm","Fandango | Movies Anywhere","14919","Batman: Mask of the Phantasm","1993","TMDB ID was not supplied in the import file; manual confirmation required."
"REVIEW","Behind Enemy Lines","Fandango | Movies Anywhere","8007","Behind Enemy Lines","2001","TMDB ID was not supplied in the import file; manual confirmation required."
"REVIEW","Being John Malkovich","Fandango | Movies Anywhere","492","Being John Malkovich","1999","TMDB ID was not supplied in the import file; manual confirmation required."
"REVIEW","Big Hero 6","Fandango | Movies Anywhere","177572","Big Hero 6","2014","TMDB ID was not supplied in the import file; manual confirmation required."
"REVIEW","Big Trouble In Little China","Fandango | Movies Anywhere","6978","Big Trouble in Little China","1986","TMDB ID was not supplied in the import file; manual confirmation required."
"REVIEW","Bill & Ted Face the Music","Fandango","501979","Bill & Ted Face the Music","2020","TMDB ID was not supplied in the import file; manual confirmation required."
"REVIEW","Bill and Ted's Bogus Journey","Fandango","1649","Bill & Ted's Bogus Journey","1991","TMDB ID was not supplied in the import file; manual confirmation required."
"REVIEW","Bill and Ted's Excellent Adventure","Fandango","1648","Bill & Ted's Excellent Adventure","1989","TMDB ID was not supplied in the import file; manual confirmation required."
"UPDATE","Birds Of Prey And The Fantabulous Emancipation Of One Harley Quinn","Fandango | Movies Anywhere","495764","Birds of Prey (and the Fantabulous Emancipation of One Harley Quinn)","2020","Digital provider added to existing catalog record ""Birds of Prey""."
"REVIEW","Blade Runner 2049","Fandango | Movies Anywhere","335984","Blade Runner 2049","2017","TMDB ID was not supplied in the import file; manual confirmation required."
"REVIEW","Boogie Nights","Fandango | Movies Anywhere","4995","Boogie Nights","1997","TMDB ID was not supplied in the import file; manual confirmation required."
"REVIEW","Carrie (1976)","Prime","","","","No TMDB ID available."
"REVIEW","Catch Me if You Can","Fandango","640","Catch Me If You Can","2002","TMDB ID was not supplied in the import file; manual confirmation required."
"REVIEW","Chicago","Prime","1574","Chicago","2002","TMDB ID was not supplied in the import file; manual confirmation required."
"REVIEW","Christmas in Connecticut","Fandango | Movies Anywhere","13669","Christmas in Connecticut","1945","TMDB ID was not supplied in the import file; manual confirmation required."
"REVIEW","Clerks III","Fandango","635891","Clerks III","2022","TMDB ID was not supplied in the import file; manual confirmation required."
"REVIEW","Clue","Prime","15196","Clue","1985","TMDB ID was not supplied in the import file; manual confirmation required."
"REVIEW","Cold Pursuit","Fandango | Movies Anywhere","438650","Cold Pursuit","2019","TMDB ID was not supplied in the import file; manual confirmation required."
"REVIEW","Conan The Barbarian","Fandango | Movies Anywhere","9387","Conan the Barbarian","1982","TMDB ID was not supplied in the import file; manual confirmation required."
"REVIEW","Cowboys & Aliens","Fandango | Movies Anywhere","49849","Cowboys & Aliens","2011","TMDB ID was not supplied in the import file; manual confirmation required."
"REVIEW","Crazy, Stupid, Love","Fandango | Movies Anywhere","50646","Crazy, Stupid, Love.","2011","TMDB ID was not supplied in the import file; manual confirmation required."
"REVIEW","Daylight","Fandango | Movies Anywhere","11228","Daylight","1996","TMDB ID was not supplied in the import file; manual confirmation required."
"REVIEW","Dear Santa","Fandango","1097870","Dear Santa","2024","TMDB ID was not supplied in the import file; manual confirmation required."
"REVIEW","Death Becomes Her","Fandango | Movies Anywhere","9374","Death Becomes Her","1992","TMDB ID was not supplied in the import file; manual confirmation required."
"REVIEW","Death Race 2","Fandango | Movies Anywhere","51620","Death Race 2","2010","TMDB ID was not supplied in the import file; manual confirmation required."
"UPDATE","Divergent","Fandango | Movies Anywhere","157350","Divergent","2014","Digital provider added to existing catalog record ""Divergent Saga: Divergent""."
"REVIEW","Dogma","Fandango | Movies Anywhere","1832","Dogma","1999","TMDB ID was not supplied in the import file; manual confirmation required."
"UPDATE","Dr. Seuss' The Lorax","Fandango | Movies Anywhere","73723","The Lorax","2012","Digital provider added to existing catalog record ""Lorax, The""."
"REVIEW","Dungeons & Dragons: Honor Among Thieves","Prime","493529","Dungeons & Dragons: Honor Among Thieves","2023","TMDB ID was not supplied in the import file; manual confirmation required."
"REVIEW","Easy A","Fandango | Movies Anywhere","37735","Easy A","2010","TMDB ID was not supplied in the import file; manual confirmation required."
"REVIEW","Eraser","Fandango | Movies Anywhere","9268","Eraser","1996","TMDB ID was not supplied in the import file; manual confirmation required."
"REVIEW","Escape Plan","Fandango | Movies Anywhere","107846","Escape Plan","2013","TMDB ID was not supplied in the import file; manual confirmation required."
"REVIEW","Eyes Wide Shut","Fandango | Movies Anywhere","345","Eyes Wide Shut","1999","TMDB ID was not supplied in the import file; manual confirmation required."
"UPDATE","F9 The Fast Saga","Fandango | Movies Anywhere","385128","F9","2021","Digital provider added to existing catalog record ""Fast & Furious: F 9""."
"ALREADY_PRESENT","F9 The Fast Saga: The Director's Cut","Fandango","385128","F9","2021","Digital provider already exists on ""Fast & Furious: F 9""."
"REVIEW","Family Plot","Fandango | Movies Anywhere","5854","Family Plot","1976","TMDB ID was not supplied in the import file; manual confirmation required."
"REVIEW","Fantastic Beasts and Where to Find Them","Fandango | Movies Anywhere","259316","Fantastic Beasts and Where to Find Them","2016","TMDB ID was not supplied in the import file; manual confirmation required."
"REVIEW","Fantastic Beasts: The Crimes Of Grindelwald","Fandango | Movies Anywhere","338952","Fantastic Beasts: The Crimes of Grindelwald","2018","TMDB ID was not supplied in the import file; manual confirmation required."
"REVIEW","Fast & Furious","Fandango | Movies Anywhere","384018","Fast & Furious Presents: Hobbs & Shaw","2019","TMDB ID was not supplied in the import file; manual confirmation required."
"REVIEW","Fast & Furious Presents: Hobbs & Shaw","Fandango | Movies Anywhere","384018","Fast & Furious Presents: Hobbs & Shaw","2019","TMDB ID was not supplied in the import file; manual confirmation required."
"UPDATE","Fast Five","Fandango | Movies Anywhere","51497","Fast Five","2011","Digital provider added to existing catalog record ""Fast & Furious: Fast 5""."
"UPDATE","Fast X","Fandango | Movies Anywhere","385687","Fast X","2023","Digital provider added to existing catalog record ""Fast & Furious: Fast 10""."
"REVIEW","Father Goose","Fandango","30295","Father Goose","1964","TMDB ID was not supplied in the import file; manual confirmation required."
"REVIEW","Final Destination 3","Fandango | Movies Anywhere","9286","Final Destination 3","2006","TMDB ID was not supplied in the import file; manual confirmation required."
"REVIEW","Final Destination 5","Fandango | Movies Anywhere","55779","Final Destination 5","2011","TMDB ID was not supplied in the import file; manual confirmation required."
"REVIEW","For Love of the Game","Fandango | Movies Anywhere","10390","For Love of the Game","1999","TMDB ID was not supplied in the import file; manual confirmation required."
"REVIEW","Friends With Benefits","Fandango | Movies Anywhere","50544","Friends with Benefits","2011","TMDB ID was not supplied in the import file; manual confirmation required."
"REVIEW","Full Metal Jacket","Fandango | Movies Anywhere","600","Full Metal Jacket","1987","TMDB ID was not supplied in the import file; manual confirmation required."
"UPDATE","Furious 7","Fandango | Movies Anywhere","168259","Furious 7","2015","Digital provider added to existing catalog record ""Fast & Furious: Fast 7""."
"REVIEW","Ghost","Fandango","251","Ghost","1990","TMDB ID was not supplied in the import file; manual confirmation required."
"REVIEW","Ghostbusters (2016) Extended Edition","Movies Anywhere","","","","No TMDB ID available."
"REVIEW","Ghostbusters: Afterlife","Fandango | Movies Anywhere","425909","Ghostbusters: Afterlife","2021","TMDB ID was not supplied in the import file; manual confirmation required."
"REVIEW","Gladiator II","Prime","558449","Gladiator II","2024","TMDB ID was not supplied in the import file; manual confirmation required."
"REVIEW","Groundhog Day","Fandango | Movies Anywhere","137","Groundhog Day","1993","TMDB ID was not supplied in the import file; manual confirmation required."
"REVIEW","Haul Out the Holly","Prime","1028556","Haul Out the Holly","2022","TMDB ID was not supplied in the import file; manual confirmation required."
"REVIEW","Haul Out the Holly: Lit Up","Prime","1154268","Haul Out the Holly: Lit Up","2023","TMDB ID was not supplied in the import file; manual confirmation required."
"REVIEW","History of the World, Part I","Fandango | Movies Anywhere","10156","History of the World: Part I","1981","TMDB ID was not supplied in the import file; manual confirmation required."
"REVIEW","Home for the Holidays","Fandango","9089","Home for the Holidays","1995","TMDB ID was not supplied in the import file; manual confirmation required."
"REVIEW","Hook","Fandango | Movies Anywhere","879","Hook","1991","TMDB ID was not supplied in the import file; manual confirmation required."
"REVIEW","Houseboat","Fandango","1377","Houseboat","1958","TMDB ID was not supplied in the import file; manual confirmation required."
"REVIEW","How the Grinch Stole Christmas! / Horton Hears a Who!","Prime","","","","No TMDB ID available."
"REVIEW","How to Train Your Dragon","Fandango | Movies Anywhere","1087192","How to Train Your Dragon","2025","TMDB ID was not supplied in the import file; manual confirmation required."
"REVIEW","How to Train Your Dragon 2","Fandango | Movies Anywhere","82702","How to Train Your Dragon 2","2014","TMDB ID was not supplied in the import file; manual confirmation required."
"REVIEW","Idiocracy","Fandango | Movies Anywhere","7512","Idiocracy","2006","TMDB ID was not supplied in the import file; manual confirmation required."
"REVIEW","In the Grey","Fandango | Movies Anywhere","1122573","In the Grey","2026","TMDB ID was not supplied in the import file; manual confirmation required."
"REVIEW","Indian Summer","Fandango | Movies Anywhere","80173","Indian Summer","1995","TMDB ID was not supplied in the import file; manual confirmation required."
"REVIEW","Indiscreet","Fandango","22874","Indiscreet","1958","TMDB ID was not supplied in the import file; manual confirmation required."
"REVIEW","Is This Thing On?","Fandango | Movies Anywhere","1140498","Is This Thing On?","2025","TMDB ID was not supplied in the import file; manual confirmation required."
"REVIEW","It Happens Every Spring","Fandango | Movies Anywhere","88288","It Happens Every Spring","1949","TMDB ID was not supplied in the import file; manual confirmation required."
"REVIEW","Jason Bourne","Fandango | Movies Anywhere","324668","Jason Bourne","2016","TMDB ID was not supplied in the import file; manual confirmation required."
"REVIEW","Just One of the Guys","Fandango | Movies Anywhere","24548","Just One of the Guys","1985","TMDB ID was not supplied in the import file; manual confirmation required."
"REVIEW","Kill Bill: The Whole Bloody Affair","Fandango","414419","Kill Bill: The Whole Bloody Affair","2011","TMDB ID was not supplied in the import file; manual confirmation required."
"REVIEW","Killers","Fandango | Movies Anywhere","241","Natural Born Killers","1994","TMDB ID was not supplied in the import file; manual confirmation required."
"REVIEW","Knives Out","Fandango | Movies Anywhere","546554","Knives Out","2019","TMDB ID was not supplied in the import file; manual confirmation required."
"REVIEW","Kuffs","Fandango | Movies Anywhere","14603","Kuffs","1992","TMDB ID was not supplied in the import file; manual confirmation required."
"REVIEW","Kung Fu Panda","Fandango | Movies Anywhere","9502","Kung Fu Panda","2008","TMDB ID was not supplied in the import file; manual confirmation required."
"REVIEW","La La Land","Fandango | Movies Anywhere","313369","La La Land","2016","TMDB ID was not supplied in the import file; manual confirmation required."
"REVIEW","Lean on Me","Fandango | Movies Anywhere","14621","Lean On Me","1989","TMDB ID was not supplied in the import file; manual confirmation required."
"REVIEW","Little Big League","Fandango | Movies Anywhere","31504","Little Big League","1994","TMDB ID was not supplied in the import file; manual confirmation required."
"REVIEW","Little Shop of Horrors","Fandango | Movies Anywhere","10776","Little Shop of Horrors","1986","TMDB ID was not supplied in the import file; manual confirmation required."
"REVIEW","Little Women","Fandango | Movies Anywhere","331482","Little Women","2019","TMDB ID was not supplied in the import file; manual confirmation required."
"REVIEW","Lolita","Fandango | Movies Anywhere","9769","Lolita","1997","TMDB ID was not supplied in the import file; manual confirmation required."
"REVIEW","London Has Fallen","Fandango | Movies Anywhere","267860","London Has Fallen","2016","TMDB ID was not supplied in the import file; manual confirmation required."
"REVIEW","MacGruber","Fandango | Movies Anywhere","37931","MacGruber","2010","TMDB ID was not supplied in the import file; manual confirmation required."
"REVIEW","Mad Max: Fury Road","Fandango | Movies Anywhere","76341","Mad Max: Fury Road","2015","TMDB ID was not supplied in the import file; manual confirmation required."
"REVIEW","Magnolia","Fandango | Movies Anywhere","334","Magnolia","1999","TMDB ID was not supplied in the import file; manual confirmation required."
"REVIEW","Magnolia (1999)","Prime","334","Magnolia","1999","TMDB ID was not supplied in the import file; manual confirmation required."
"REVIEW","Mary Poppins","Fandango | Movies Anywhere","433","Mary Poppins","1964","TMDB ID was not supplied in the import file; manual confirmation required."
"REVIEW","Maze Runner: The Death Cure","Fandango | Movies Anywhere","336843","Maze Runner: The Death Cure","2018","TMDB ID was not supplied in the import file; manual confirmation required."
"REVIEW","Maze Runner: The Scorch Trials","Fandango | Movies Anywhere","294254","Maze Runner: The Scorch Trials","2015","TMDB ID was not supplied in the import file; manual confirmation required."
"REVIEW","Mechanic Resurrection","Fandango","278924","Mechanic: Resurrection","2016","TMDB ID was not supplied in the import file; manual confirmation required."
"REVIEW","Mickey's Magical Christmas: Snowed In at the House of Mouse","Fandango | Movies Anywhere","21448","Mickey's Magical Christmas: Snowed in at the House of Mouse","2001","TMDB ID was not supplied in the import file; manual confirmation required."
"REVIEW","Midnight Run","Fandango | Movies Anywhere","9013","Midnight Run","1988","TMDB ID was not supplied in the import file; manual confirmation required."
"REVIEW","Miracle on 34th Street","Fandango | Movies Anywhere","10510","Miracle on 34th Street","1994","TMDB ID was not supplied in the import file; manual confirmation required."
"REVIEW","Miracle on 34th Street (1947)","Prime","","","","No TMDB ID available."
"REVIEW","Murder on the Orient Express","Fandango | Movies Anywhere","392044","Murder on the Orient Express","2017","TMDB ID was not supplied in the import file; manual confirmation required."
"REVIEW","Nerve","Fandango | Movies Anywhere","328387","Nerve","2016","TMDB ID was not supplied in the import file; manual confirmation required."
"REVIEW","Network","Fandango | Movies Anywhere","37799","The Social Network","2010","TMDB ID was not supplied in the import file; manual confirmation required."
"REVIEW","Never Been Kissed","Fandango | Movies Anywhere","11355","Never Been Kissed","1999","TMDB ID was not supplied in the import file; manual confirmation required."
"REVIEW","No Hard Feelings","Fandango | Movies Anywhere","884605","No Hard Feelings","2023","TMDB ID was not supplied in the import file; manual confirmation required."
"REVIEW","Operation Fortune: Ruse de Guerre","Fandango | Movies Anywhere","739405","Operation Fortune: Ruse de Guerre","2023","TMDB ID was not supplied in the import file; manual confirmation required."
"REVIEW","Operation Petticoat","Fandango","9660","Operation Petticoat","1959","TMDB ID was not supplied in the import file; manual confirmation required."
"REVIEW","Out of Sight","Fandango | Movies Anywhere","1389","Out of Sight","1998","TMDB ID was not supplied in the import file; manual confirmation required."
"REVIEW","Paranormal Activity","Fandango","23827","Paranormal Activity","2007","TMDB ID was not supplied in the import file; manual confirmation required."
"REVIEW","Passenger 57","Fandango | Movies Anywhere","10538","Passenger 57","1992","TMDB ID was not supplied in the import file; manual confirmation required."
"REVIEW","Pixie Hollow Games: Disney Fairies (Short)","Fandango | Movies Anywhere","","","","No TMDB ID available."
"REVIEW","Plane","Fandango | Movies Anywhere","646389","Plane","2023","TMDB ID was not supplied in the import file; manual confirmation required."
"REVIEW","Psycho","Fandango","539","Psycho","1960","TMDB ID was not supplied in the import file; manual confirmation required."
"REVIEW","Psycho (1998)","Movies Anywhere","","","","No TMDB ID available."
"REVIEW","Puffs","Prime","1247046","Puffs","2024","TMDB ID was not supplied in the import file; manual confirmation required."
"REVIEW","Rango","Prime","44896","Rango","2011","TMDB ID was not supplied in the import file; manual confirmation required."
"REVIEW","Ready Player One","Fandango | Movies Anywhere","333339","Ready Player One","2018","TMDB ID was not supplied in the import file; manual confirmation required."
"REVIEW","Rocky","Fandango","1366","Rocky","1976","TMDB ID was not supplied in the import file; manual confirmation required."
"REVIEW","Rocky II","Fandango","1367","Rocky II","1979","TMDB ID was not supplied in the import file; manual confirmation required."
"REVIEW","Rocky III","Fandango","1371","Rocky III","1982","TMDB ID was not supplied in the import file; manual confirmation required."
"REVIEW","Rocky IV","Fandango","1374","Rocky IV","1985","TMDB ID was not supplied in the import file; manual confirmation required."
"REVIEW","Rocky IV: Rocky vs. Drago The Ultimate Director's Cut","Fandango","1374","Rocky IV","1985","TMDB ID was not supplied in the import file; manual confirmation required."
"REVIEW","Rocky V","Fandango","1375","Rocky V","1990","TMDB ID was not supplied in the import file; manual confirmation required."
"REVIEW","Roger Corman's Death Race 2050","Fandango | Movies Anywhere","401544","Death Race 2050","2017","TMDB ID was not supplied in the import file; manual confirmation required."
"REVIEW","Schindler's List","Fandango | Movies Anywhere","424","Schindler's List","1993","TMDB ID was not supplied in the import file; manual confirmation required."
"REVIEW","Shelter","Fandango | Movies Anywhere","1290821","Shelter","2026","TMDB ID was not supplied in the import file; manual confirmation required."
"UPDATE","Skyfall","Fandango","37724","Skyfall","2012","Digital provider added to existing catalog record ""007: Skyfall""."
"REVIEW","Sneakers","Fandango | Movies Anywhere","2322","Sneakers","1992","TMDB ID was not supplied in the import file; manual confirmation required."
"REVIEW","So I Married An Axe Murderer","Fandango | Movies Anywhere","10442","So I Married an Axe Murderer","1993","TMDB ID was not supplied in the import file; manual confirmation required."
"REVIEW","Son-In-Law","Fandango | Movies Anywhere","13203","Son in Law","1993","TMDB ID was not supplied in the import file; manual confirmation required."
"REVIEW","Soul Survivors","Fandango","14033","Soul Survivors","2001","TMDB ID was not supplied in the import file; manual confirmation required."
"UPDATE","Spectre","Fandango","206647","Spectre","2015","Digital provider added to existing catalog record ""007: Spectre""."
"REVIEW","Spider-Man: Homecoming","Fandango | Movies Anywhere","315635","Spider-Man: Homecoming","2017","TMDB ID was not supplied in the import file; manual confirmation required."
"REVIEW","Spider-Man: Into The Spider-Verse","Fandango | Movies Anywhere","324857","Spider-Man: Into the Spider-Verse","2018","TMDB ID was not supplied in the import file; manual confirmation required."
"REVIEW","Spider-Man: No Way Home","Fandango | Movies Anywhere","634649","Spider-Man: No Way Home","2021","TMDB ID was not supplied in the import file; manual confirmation required."
"REVIEW","Spy Game","Fandango | Movies Anywhere","1535","Spy Game","2001","TMDB ID was not supplied in the import file; manual confirmation required."
"REVIEW","Street Fighter","Fandango | Movies Anywhere","11667","Street Fighter","1994","TMDB ID was not supplied in the import file; manual confirmation required."
"REVIEW","Sudden Death","Fandango | Movies Anywhere","9091","Sudden Death","1995","TMDB ID was not supplied in the import file; manual confirmation required."
"REVIEW","Sunset Boulevard","Fandango","599","Sunset Boulevard","1950","TMDB ID was not supplied in the import file; manual confirmation required."
"REVIEW","Teen Witch","Prime","25199","Teen Witch","1989","TMDB ID was not supplied in the import file; manual confirmation required."
"REVIEW","That Touch of Mink","Fandango","12708","That Touch of Mink","1962","TMDB ID was not supplied in the import file; manual confirmation required."
"REVIEW","The Addams Family","Fandango","481084","The Addams Family","2019","TMDB ID was not supplied in the import file; manual confirmation required."
"REVIEW","The American President","Fandango | Movies Anywhere","9087","The American President","1995","TMDB ID was not supplied in the import file; manual confirmation required."
"REVIEW","The Conversation","Fandango","592","The Conversation","1974","TMDB ID was not supplied in the import file; manual confirmation required."
"REVIEW","The Expendables 3","Fandango | Movies Anywhere","138103","The Expendables 3","2014","TMDB ID was not supplied in the import file; manual confirmation required."
"REVIEW","The Fall Guy","Fandango | Movies Anywhere","746036","The Fall Guy","2024","TMDB ID was not supplied in the import file; manual confirmation required."
"UPDATE","The Fate of the Furious","Fandango | Movies Anywhere","337339","The Fate of the Furious","2017","Digital provider added to existing catalog record ""Fast & Furious: Fast 8""."
"REVIEW","The Final Destination 4","Movies Anywhere","19912","The Final Destination","2009","TMDB ID was not supplied in the import file; manual confirmation required."
"REVIEW","The Fugitive","Fandango | Movies Anywhere","5503","The Fugitive","1993","TMDB ID was not supplied in the import file; manual confirmation required."
"REVIEW","The Grass Is Greener","Fandango","25767","The Grass Is Greener","1960","TMDB ID was not supplied in the import file; manual confirmation required."
"REVIEW","The Great Outdoors","Fandango | Movies Anywhere","2617","The Great Outdoors","1988","TMDB ID was not supplied in the import file; manual confirmation required."
"UPDATE","The Hangover Part 2","Fandango","45243","The Hangover Part II","2011","Digital provider added to existing catalog record ""Hangover Part II, The""."
"REVIEW","The Hangover Part 3","Fandango","109439","The Hangover Part III","2013","TMDB ID was not supplied in the import file; manual confirmation required."
"UPDATE","The Hangover Part II","Movies Anywhere","45243","The Hangover Part II","2011","Digital provider added to existing catalog record ""Hangover Part II, The""."
"REVIEW","The Hangover Part III","Movies Anywhere","109439","The Hangover Part III","2013","TMDB ID was not supplied in the import file; manual confirmation required."
"REVIEW","The Housemaid","Fandango | Movies Anywhere","1368166","The Housemaid","2025","TMDB ID was not supplied in the import file; manual confirmation required."
"REVIEW","The Hunger Games: The Ballad of Songbirds & Snakes","Fandango | Movies Anywhere","695721","The Hunger Games: The Ballad of Songbirds & Snakes","2023","TMDB ID was not supplied in the import file; manual confirmation required."
"REVIEW","The Italian Job","Fandango","9654","The Italian Job","2003","TMDB ID was not supplied in the import file; manual confirmation required."
"REVIEW","The Land Before Time XII: The Great Day of the Flyers","Fandango | Movies Anywhere","31933","The Land Before Time XII: The Great Day of the Flyers","2006","TMDB ID was not supplied in the import file; manual confirmation required."
"REVIEW","The LEGO Ninjago Movie","Fandango | Movies Anywhere","274862","The Lego Ninjago Movie","2017","TMDB ID was not supplied in the import file; manual confirmation required."
"UPDATE","The Lost World: Jurassic Park","Fandango | Movies Anywhere","330","The Lost World: Jurassic Park","1997","Digital provider added to existing catalog record ""Jurassic Park: The Lost World""."
"REVIEW","The Man Who Invented Christmas","Fandango | Movies Anywhere","450322","The Man Who Invented Christmas","2017","TMDB ID was not supplied in the import file; manual confirmation required."
"REVIEW","The Mask of Zorro","Fandango | Movies Anywhere","9342","The Mask of Zorro","1998","TMDB ID was not supplied in the import file; manual confirmation required."
"REVIEW","The Maze Runner","Fandango | Movies Anywhere","198663","The Maze Runner","2014","TMDB ID was not supplied in the import file; manual confirmation required."
"REVIEW","The Ministry Of Ungentlemanly Warfare","Fandango | Movies Anywhere","799583","The Ministry of Ungentlemanly Warfare","2024","TMDB ID was not supplied in the import file; manual confirmation required."
"REVIEW","The Naked Gun","Fandango","1035259","The Naked Gun","2025","TMDB ID was not supplied in the import file; manual confirmation required."
"REVIEW","The Nice Guys","Fandango | Movies Anywhere","290250","The Nice Guys","2016","TMDB ID was not supplied in the import file; manual confirmation required."
"REVIEW","The Producers","Fandango | Movies Anywhere","30197","The Producers","1968","TMDB ID was not supplied in the import file; manual confirmation required."
"REVIEW","The ProtÃ©gÃ©","Fandango | Movies Anywhere","","","","No TMDB ID available."
"REVIEW","The Score","Fandango","11371","The Score","2001","TMDB ID was not supplied in the import file; manual confirmation required."
"REVIEW","The Shining","Fandango | Movies Anywhere","694","The Shining","1980","TMDB ID was not supplied in the import file; manual confirmation required."
"REVIEW","The Siege","Fandango | Movies Anywhere","9882","The Siege","1998","TMDB ID was not supplied in the import file; manual confirmation required."
"REVIEW","The Sound of Music","Fandango | Movies Anywhere","15121","The Sound of Music","1965","TMDB ID was not supplied in the import file; manual confirmation required."
"REVIEW","The Super Mario Bros. Movie","Fandango | Movies Anywhere","502356","The Super Mario Bros. Movie","2023","TMDB ID was not supplied in the import file; manual confirmation required."
"REVIEW","The Unbearable Weight of Massive Talent","Fandango | Movies Anywhere","648579","The Unbearable Weight of Massive Talent","2022","TMDB ID was not supplied in the import file; manual confirmation required."
"REVIEW","The War of the Roses","Fandango | Movies Anywhere","249","The War of the Roses","1989","TMDB ID was not supplied in the import file; manual confirmation required."
"REVIEW","To Catch a Thief","Fandango","381","To Catch a Thief","1955","TMDB ID was not supplied in the import file; manual confirmation required."
"REVIEW","Twister","Fandango | Movies Anywhere","664","Twister","1996","TMDB ID was not supplied in the import file; manual confirmation required."
"REVIEW","Twisters","Fandango | Movies Anywhere","718821","Twisters","2024","TMDB ID was not supplied in the import file; manual confirmation required."
"REVIEW","Valentine's Day","Fandango | Movies Anywhere","32856","Valentine's Day","2010","TMDB ID was not supplied in the import file; manual confirmation required."
"REVIEW","Venom","Fandango | Movies Anywhere","335983","Venom","2018","TMDB ID was not supplied in the import file; manual confirmation required."
"REVIEW","Venom: Let There Be Carnage","Fandango | Movies Anywhere","580489","Venom: Let There Be Carnage","2021","TMDB ID was not supplied in the import file; manual confirmation required."
"REVIEW","Vertigo","Fandango | Movies Anywhere","426","Vertigo","1958","TMDB ID was not supplied in the import file; manual confirmation required."
"REVIEW","What Happens Later","Prime","970948","What Happens Later","2023","TMDB ID was not supplied in the import file; manual confirmation required."
