Date,Name,Year
2024-03-01,Barbie,2023
2024-03-01,Fight Club,1999
2024-03-01,Interstellar,2014
2024-03-01,Joker,2019
2024-03-01,Spider-Man: Into the Spider-Verse,2018
2024-03-01,Oppenheimer,2023
2024-03-01,La La Land,2016
2024-03-01,Pulp Fiction,1994
2024-03-01,Knives Out,2019
2024-03-01,The Batman,2022
2024-03-01,Whiplash,2014
2024-03-01,The Dark Knight,2008
2024-03-01,Inception,2010
2024-03-01,Spider-Man: Across the Spider-Verse,2023
2024-03-01,The Truman Show,1998
2024-03-01,Spider-Man: No Way Home,2021
2024-03-01,The Wolf of Wall Street,2013
2024-03-01,American Psycho,2000
2024-03-01,Dune,2021
2024-03-01,Gone Girl,2014
2024-03-01,Eternal Sunshine of the Spotless Mind,2004
2024-03-01,The Shining,1980
2024-03-01,Once Upon a Time... in Hollywood,2019
2024-03-01,Inglourious Basterds,2009
2024-03-01,Black Swan,2010
2024-03-01,Avengers: Infinity War,2018
2024-03-01,Glass Onion,2022
2024-03-01,Forrest Gump,1994
2024-03-01,Se7en,1995
2024-03-01,Avengers: Endgame,2019
2024-03-01,The Silence of the Lambs,1991
2024-03-01,Django Unchained,2012
2024-03-01,Baby Driver,2017
2024-03-01,The Godfather,1972
2024-03-01,The Social Network,2010
2024-03-01,Kill Bill: Vol. 1,2003
2024-03-01,Shutter Island,2010
2024-03-01,Scott Pilgrim vs. the World,2010
2024-03-01,Ratatouille,2007
2024-03-01,The Matrix,1999
2024-03-01,Black Panther,2018
2024-03-01,Guardians of the Galaxy,2014
2024-03-01,Fantastic Mr. Fox,2009
2024-03-01,10 Things I Hate About You,1999
2024-03-01,The Shawshank Redemption,1994
2024-03-01,The Lord of the Rings: The Fellowship of the Ring,2001
2024-03-01,The Perks of Being a Wallflower,2012
2024-03-01,Guardians of the Galaxy Vol. 3,2023
2024-03-01,Spider-Man: Homecoming,2017
2024-03-01,Titanic,1997
2024-03-01,Star Wars,1977
2024-03-01,Donnie Darko,2001
2024-03-01,Top Gun: Maverick,2022
2024-03-01,Inside Out,2015
2024-03-01,Good Will Hunting,1997
2024-03-01,GoodFellas,1990
2024-03-01,Thor: Ragnarok,2017
2024-03-01,Back to the Future,1985
2024-03-01,Deadpool,2016
2024-03-01,Doctor Strange in the Multiverse of Madness,2022
2024-03-01,Mean Girls,2004
2024-03-01,Little Miss Sunshine,2006
2024-03-01,Harry Potter and the Prisoner of Azkaban,2004
2024-03-01,The Hunger Games,2012
2024-03-01,Uncut Gems,2019
2024-03-01,(500) Days of Summer,2009
2024-03-01,Spider-Man: Far From Home,2019
2024-03-01,The Avengers,2012
2024-03-01,Harry Potter and the Philosopher's Stone,2001
2024-03-01,No Country for Old Men,2007
2024-03-01,Bullet Train,2022
2024-03-01,The Breakfast Club,1985
2024-03-01,Memento,2000
2024-03-01,Scream,1996
2024-03-01,The Empire Strikes Back,1980
2024-03-01,Tenet,2020
2024-03-01,Spider-Man,2002
2024-03-01,Guardians of the Galaxy Vol. 2,2017
2024-03-01,Catch Me If You Can,2002
2024-03-01,Jurassic Park,1993
2024-03-01,Toy Story,1995
2024-03-01,Iron Man,2008
2024-03-01,The Lord of the Rings: The Return of the King,2003
2024-03-01,Shrek,2001
2024-03-01,The Incredibles,2004
2024-03-01,The Super Mario Bros. Movie,2023
2024-03-01,Zodiac,2007
2024-03-01,Doctor Strange,2016
2024-03-01,Captain America: Civil War,2016
2024-03-01,Finding Nemo,2003
2024-03-01,Blade Runner,1982
2024-03-01,Home Alone,1990
2024-03-01,Reservoir Dogs,1992
2024-03-01,Requiem for a Dream,2000
2024-03-01,Alien,1979
2024-03-01,The Dark Knight Rises,2012
2024-03-01,The Lord of the Rings: The Two Towers,2002
2024-03-01,"Monsters, Inc.",2001
2024-03-01,Superbad,2007
2024-03-01,The Devil Wears Prada,2006
2024-03-01,John Wick,2014
2024-03-01,Star Wars: The Force Awakens,2015
2024-03-01,Spider-Man 2,2004
2024-03-01,Batman Begins,2005
2024-03-01,Captain America: The Winter Soldier,2014
2024-03-01,The Hunger Games: The Ballad of Songbirds & Snakes,2023
2024-03-01,Harry Potter and the Goblet of Fire,2005
2024-03-01,The Hunger Games: Catching Fire,2013
2024-03-01,Harry Potter and the Chamber of Secrets,2002
2024-03-01,Bohemian Rhapsody,2018
2024-03-01,The Prestige,2006
2024-03-01,Psycho,1960
2024-03-01,The Holdovers,2023
2024-03-01,Thor: Love and Thunder,2022
2024-03-01,Schindler's List,1993
2024-03-01,Harry Potter and the Deathly Hallows: Part 2,2011
2024-03-01,Birdman or (The Unexpected Virtue of Ignorance),2014
2024-03-01,Avengers: Age of Ultron,2015
2024-03-01,Return of the Jedi,1983
2024-03-01,The Suicide Squad,2021
2024-03-01,Jaws,1975
2024-03-01,The Departed,2006
2024-03-01,The Nightmare Before Christmas,1993
2024-03-01,Fargo,1996
2024-03-01,Star Wars: Episode III – Revenge of the Sith,2005
2024-03-01,Star Wars: The Last Jedi,2017
2024-03-01,Black Widow,2021
2024-03-01,Encanto,2021
2024-03-01,Harry Potter and the Order of the Phoenix,2007
2024-03-01,Shang-Chi and the Legend of the Ten Rings,2021
2024-03-01,Captain Marvel,2019
2024-03-01,Wonka,2023
2024-03-01,Moonrise Kingdom,2012
2024-03-01,The Big Lebowski,1998
2024-03-01,Mulholland Drive,2001
2024-03-01,Rogue One: A Star Wars Story,2016
2024-03-01,Tangled,2010
2024-03-01,Clueless,1995
2024-03-01,Juno,2007
2024-03-01,Ant-Man,2015
2024-03-01,The Godfather Part II,1974
2024-03-01,Harry Potter and the Half-Blood Prince,2009
2024-03-01,Logan,2017
2024-03-01,Black Panther: Wakanda Forever,2022
2024-03-01,Harry Potter and the Deathly Hallows: Part 1,2010
2024-03-01,No Hard Feelings,2023
2024-03-01,Ferris Bueller's Day Off,1986
2024-03-01,Elvis,2022
2024-03-01,Captain America: The First Avenger,2011
2024-03-01,Shrek 2,2004
2024-03-01,Twilight,2008
2024-03-01,Edward Scissorhands,1990
2024-03-01,American Beauty,1999
2024-03-01,12 Angry Men,1957
2024-03-01,Mamma Mia!,2008
2024-03-01,The Amazing Spider-Man,2012
2024-03-01,Pirates of the Caribbean: The Curse of the Black Pearl,2003
2024-03-01,Kill Bill: Vol. 2,2004
2024-03-01,Star Wars: Episode I – The Phantom Menace,1999
2024-03-01,Booksmart,2019
2024-03-01,The Hateful Eight,2015
2024-03-01,Licorice Pizza,2021
2024-03-01,Toy Story 3,2010
2024-03-01,Raiders of the Lost Ark,1981
2024-03-01,Deadpool 2,2018
2024-03-01,Star Wars: The Rise of Skywalker,2019
2024-03-01,Apocalypse Now,1979
2024-03-01,Zootopia,2016
2024-03-01,Iron Man 3,2013
2024-03-01,Incredibles 2,2018
2024-03-01,The Royal Tenenbaums,2001
2024-03-01,Suicide Squad,2016
2024-03-01,Thor,2011
2024-03-01,"tick, tick... BOOM!",2021
2024-03-01,Iron Man 2,2010
2024-03-01,Halloween,1978
2024-03-01,Die Hard,1988
2024-03-01,The Irishman,2019
2024-03-01,The Notebook,2004
2024-03-01,Star Wars: Episode II – Attack of the Clones,2002
2024-03-01,Toy Story 2,1999
2024-03-01,Moana,2016
2024-03-01,John Wick: Chapter 4,2023
2024-03-01,Spider-Man 3,2007
2024-03-01,Kingsman: The Secret Service,2014
2024-03-01,The Killer,2023
2024-03-01,Big Hero 6,2014
2024-03-01,Charlie and the Chocolate Factory,2005
2024-03-01,Gladiator,2000
2024-03-01,Frozen,2013
2024-03-01,Vertigo,1958
2024-03-01,The Hunger Games: Mockingjay – Part 1,2014
2024-03-01,Wonder Woman,2017
2024-03-01,E.T. the Extra-Terrestrial,1982
2024-03-01,How to Train Your Dragon,2010
2024-03-01,When Harry Met Sally...,1989
2024-03-01,The Exorcist,1973
2024-03-01,The Hangover,2009
2024-03-01,A Star Is Born,2018
2024-03-01,Ocean's Eleven,2001
2024-03-01,Cars,2006
2024-03-01,The Sixth Sense,1999
2024-03-01,The Big Short,2015
2024-03-01,Legally Blonde,2001
2024-03-01,The Imitation Game,2014
2024-03-01,Venom,2018
2024-03-01,Ant-Man and the Wasp,2018
2024-03-01,Full Metal Jacket,1987
2024-03-01,Heat,1995
2024-03-01,The Hunger Games: Mockingjay – Part 2,2015
2024-03-01,"Three Billboards Outside Ebbing, Missouri",2017
2024-03-01,Free Guy,2021
2024-03-01,Beetlejuice,1988
2024-03-01,Birds of Prey (and the Fantabulous Emancipation of One Harley Quinn),2020
2024-03-01,John Wick: Chapter 2,2017
2024-03-01,The Amazing Spider-Man 2,2014
2024-03-01,School of Rock,2003
2024-03-01,Palm Springs,2020
2024-03-01,Top Gun,1986
2024-03-01,Thor: The Dark World,2013
2024-03-01,Ant-Man and the Wasp: Quantumania,2023
2024-03-01,Stand by Me,1986
2024-03-01,Easy A,2010
2024-03-01,Ready Player One,2018
2024-03-01,Silver Linings Playbook,2012
2024-03-01,Kung Fu Panda,2008
2024-03-01,Citizen Kane,1941
2024-03-01,The Green Mile,1999
2024-03-01,John Wick: Chapter 3 – Parabellum,2019
2024-03-01,Zombieland,2009
2024-03-01,The Lego Movie,2014
2024-03-01,Love Actually,2003
2024-03-01,Rear Window,1954
2024-03-01,V for Vendetta,2005
2024-03-01,No Time to Die,2021
2024-03-01,The Princess Bride,1987
2024-03-01,The Queen's Gambit,2020
2024-03-01,Carrie,1976
2024-03-01,Saw,2004
2024-03-01,Children of Men,2006
2024-03-01,Ford v Ferrari,2019
2024-03-01,21 Jump Street,2012
2024-03-01,Mulan,1998
2024-03-01,The Curious Case of Benjamin Button,2008
2024-03-01,Fantastic Beasts and Where to Find Them,2016
2024-03-01,Dungeons & Dragons: Honor Among Thieves,2023
2024-03-01,Mission: Impossible – Dead Reckoning,2023
2024-03-01,Skyfall,2012
2024-03-01,Pitch Perfect,2012
2024-03-01,Jurassic World,2015
2024-03-01,Notting Hill,1999
2024-03-01,Wreck-It Ralph,2012
2024-03-01,The Edge of Seventeen,2016
2024-03-01,Terminator 2: Judgment Day,1991
2024-03-01,The Terminator,1984
2024-03-01,Brave,2012
2024-03-01,The Invisible Man,2020
2024-03-01,Rocky,1976
2024-03-01,Groundhog Day,1993
2024-03-01,Ocean's Eight,2018
2024-03-01,Elf,2003
2024-03-01,Boogie Nights,1997
2024-03-01,Ghostbusters,1984
2024-03-01,Crazy Rich Asians,2018
2024-03-01,Back to the Future Part II,1989
2024-03-01,Finding Dory,2016
2024-03-01,The Greatest Showman,2017
2024-03-01,It's a Wonderful Life,1946
2024-03-01,Casino Royale,2006
2024-03-01,The Usual Suspects,1995
2024-03-01,A Nightmare on Elm Street,1984
2024-03-01,Grease,1978
2024-03-01,Indiana Jones and the Last Crusade,1989
2024-03-01,Pirates of the Caribbean: Dead Man's Chest,2006
2024-03-01,How to Lose a Guy in 10 Days,2003
2024-03-01,Batman v Superman: Dawn of Justice,2016
2024-03-01,Spencer,2021
2024-03-01,Heathers,1989
2024-03-01,Solo: A Star Wars Story,2018
2024-03-01,Now You See Me,2013
2024-03-01,The Blair Witch Project,1999
2024-03-01,Almost Famous,2000
2024-03-01,WandaVision,2021
2024-03-01,Aladdin,1992
2024-03-01,Pretty Woman,1990
2024-03-01,Monsters University,2013
2024-03-01,The Little Mermaid,2023
2024-03-01,The Girl with the Dragon Tattoo,2011
2024-03-01,X-Men: Days of Future Past,2014
2024-03-01,The Princess Diaries,2001
2024-03-01,Shazam!,2019
2024-03-01,Raging Bull,1980
2024-03-01,Aquaman,2018
2024-03-01,American History X,1998
2024-03-01,Casino,1995
2024-03-01,Being John Malkovich,1999
2024-03-01,Men in Black,1997
2024-03-01,Nobody,2021
2024-03-01,Indiana Jones and the Temple of Doom,1984
2024-03-01,Despicable Me,2010
2024-03-01,Mission: Impossible – Fallout,2018
2024-03-01,The Emperor's New Groove,2000
2024-03-01,Rocketman,2019
2024-03-01,Indiana Jones and the Dial of Destiny,2023
2024-03-01,Home Alone 2: Lost in New York,1992
2024-03-01,Venom: Let There Be Carnage,2021
2024-03-01,Air,2023
2024-03-01,How the Grinch Stole Christmas,2000
2024-03-01,Jumanji: Welcome to the Jungle,2017
2024-03-01,Mr. & Mrs. Smith,2005
2024-03-01,Man of Steel,2013
2024-03-01,Paddington,2014
2024-03-01,Ice Age,2002
2024-03-01,Kick-Ass,2010
2024-03-01,Edge of Tomorrow,2014
2024-03-01,Spotlight,2015
2024-03-01,Monty Python and the Holy Grail,1975
2024-03-01,The Flash,2023
2024-03-01,Borat: Cultural Learnings of America for Make Benefit Glorious Nation of Kazakhstan,2006
2024-03-01,Lilo & Stitch,2002
2024-03-01,The Lego Batman Movie,2017
2024-03-01,In Bruges,2008
2024-03-01,Moneyball,2011
2024-03-01,West Side Story,2021
2024-03-01,Madagascar,2005
2024-03-01,Jackie Brown,1997
2024-03-01,The Parent Trap,1998
2024-03-01,Beauty and the Beast,1991
2024-03-01,Zack Snyder's Justice League,2021
2024-03-01,Scream 2,1997
2024-03-01,Zoolander,2001
2024-03-01,Frozen II,2019
2024-03-01,Snatch,2000
2024-03-01,Night at the Museum,2006
2024-03-01,The Unbearable Weight of Massive Talent,2022
2024-03-01,Matilda,1996
2024-03-01,Mission: Impossible,1996
2024-03-01,Ted,2012
2024-03-01,Rushmore,1998
2024-03-01,The Pursuit of Happyness,2006
2024-03-01,Hercules,1997
2024-03-01,Slumdog Millionaire,2008
2024-03-01,X-Men: First Class,2011
2024-03-01,Loki,2021
2024-03-01,Cast Away,2000
2024-03-01,Pirates of the Caribbean: At World's End,2007
2024-03-01,Rango,2011
2024-03-01,Creed,2015
2024-03-01,The Wizard of Oz,1939
2024-03-01,The Holiday,2006
2024-03-01,Romeo + Juliet,1996
2024-03-01,Wonder Woman 1984,2020
2024-03-01,The Twilight Saga: New Moon,2009
2024-03-01,El Camino: A Breaking Bad Movie,2019
2024-03-01,Dirty Dancing,1987
2024-03-01,Swiss Army Man,2016
2024-03-01,The Incredible Hulk,2008
2024-03-01,The Polar Express,2004
2024-03-01,Uncharted,2022
2024-03-01,Under the Skin,2013
2024-03-01,The Princess and the Frog,2009
2024-03-01,The Matrix Resurrections,2021
2024-03-01,Big Fish,2003
2024-03-01,Watchmen,2009
2024-03-01,Godzilla vs. Kong,2021
2024-03-01,The Matrix Reloaded,2003
2024-03-01,Dog Day Afternoon,1975
2024-03-01,The Game,1997
2024-03-01,Kingsman: The Golden Circle,2017
2024-03-01,The Little Mermaid,1989
2024-03-01,Napoleon Dynamite,2004
2024-03-01,The Fly,1986
2024-03-01,The Gentlemen,2019
2024-03-01,Game Night,2018
2024-03-01,A Beautiful Mind,2001
2024-03-01,I Am Legend,2007
2024-03-01,Thelma & Louise,1991
2024-03-01,Batman,1989
2024-03-01,Hidden Figures,2016
2024-03-01,Back to the Future Part III,1990
2024-03-01,Doctor Sleep,2019
2024-03-01,The Mask,1994
2024-03-01,The Trial of the Chicago 7,2020
2024-03-01,The Disaster Artist,2017
2024-03-01,Jumanji,1995
2024-03-01,Beauty and the Beast,2017
2024-03-01,This Is the End,2013
2024-03-01,The Proposal,2009
2024-03-01,The Talented Mr. Ripley,1999
2024-03-01,Willy Wonka & the Chocolate Factory,1971
2024-03-01,Gremlins,1984
2024-03-01,Scream 4,2011
2024-03-01,Misery,1990
2024-03-01,Minority Report,2002
2024-03-01,Lucy,2014
2024-03-01,Klaus,2019
2024-03-01,How to Train Your Dragon 2,2014
2024-03-01,Shrek the Third,2007
2024-03-01,Burn After Reading,2008
2024-03-01,Pacific Rim,2013
2024-03-01,X-Men,2000
2024-03-01,Freaky Friday,2003
2024-03-01,Bridesmaids,2011
2024-03-01,Jurassic World Dominion,2022
2024-03-01,Murder on the Orient Express,2017
2024-03-01,We're the Millers,2013
2024-03-01,The Mummy,1999
2024-03-01,Pokémon Detective Pikachu,2019
2024-03-01,The 40 Year Old Virgin,2005
2024-03-01,Les Misérables,2012
2024-03-01,Spectre,2015
2024-03-01,The Sound of Music,1965
2024-03-01,The Goonies,1985
2024-03-01,The Twilight Saga: Eclipse,2010
2024-03-01,Fantastic Beasts: The Crimes of Grindelwald,2018
2024-03-01,Black Adam,2022
2024-03-01,Indiana Jones and the Kingdom of the Crystal Skull,2008
2024-03-01,X-Men: Apocalypse,2016
2024-03-01,Cars 2,2011
2024-03-01,Dawn of the Planet of the Apes,2014
2024-03-01,The Lion King,2019
2024-03-01,The Gray Man,2022
2024-03-01,Mission: Impossible – Rogue Nation,2015
2024-03-01,The Fast and the Furious,2001
2024-03-01,The Place Beyond the Pines,2012
2024-03-01,Scream 3,2000
2024-03-01,Looper,2012
2024-03-01,Sherlock Holmes,2009
2024-03-01,Maleficent,2014
2024-03-01,50 First Dates,2004
2024-03-01,The Fifth Element,1997
2024-03-01,The Marvels,2023
2024-03-01,Kong: Skull Island,2017
2024-03-01,Gangs of New York,2002
2024-03-01,Scary Movie,2000
2024-03-01,Aladdin,2019
2024-03-01,The Terminal,2004
2024-03-01,Ralph Breaks the Internet,2018
2024-03-01,Collateral,2004
2024-03-01,Predator,1987
2024-03-01,Mission: Impossible – Ghost Protocol,2011
2024-03-01,Transformers,2007
2024-03-01,Argo,2012
2024-03-01,Unbreakable,2000
2024-03-01,Clue,1985
2024-03-01,Batman Returns,1992
2024-03-01,The Butterfly Effect,2004
2024-03-01,High School Musical,2006
2024-03-01,American Hustle,2013
2024-03-01,Divergent,2014
2024-03-01,Bram Stoker's Dracula,1992
2024-03-01,Bee Movie,2007
2024-03-01,The Matrix Revolutions,2003
2024-03-01,Interview with the Vampire,1994
2024-03-01,The Twilight Saga: Breaking Dawn – Part 1,2011
2024-03-01,Sweeney Todd: The Demon Barber of Fleet Street,2007
2024-03-01,Enchanted,2007
2024-03-01,300,2006
2024-03-01,Rain Man,1988
2024-03-01,Anchorman: The Legend of Ron Burgundy,2004
2024-03-01,Creed III,2023
2024-03-01,Braveheart,1995
2024-03-01,Step Brothers,2008
2024-03-01,Morbius,2022
2024-03-01,The Simpsons Movie,2007
2024-03-01,Yesterday,2019
2024-03-01,8 Mile,2002
2024-03-01,War for the Planet of the Apes,2017
2024-03-01,The Adam Project,2022
2024-03-01,Training Day,2001
2024-03-01,Tarzan,1999
2024-03-01,Signs,2002
2024-03-01,The Godfather Part III,1990
2024-03-01,Sonic the Hedgehog,2020
2024-03-01,The Others,2001
2024-03-01,RoboCop,1987
2024-03-01,Click,2006
2024-03-01,The Lost World: Jurassic Park,1997
2024-03-01,Renfield,2023
2024-03-01,Candyman,2021
2024-03-01,Pirates of the Caribbean: On Stranger Tides,2011
2024-03-01,Godzilla,2014
2024-03-01,X2,2003
2024-03-01,The Addams Family,1991
2024-03-01,Who Framed Roger Rabbit,1988
2024-03-01,L.A. Confidential,1997
2024-03-01,North by Northwest,1959
2024-03-01,Saw II,2005
2024-03-01,Blue Beetle,2023
2024-03-01,American Sniper,2014
2024-03-01,Grown Ups,2010
2024-03-01,Snow White and the Seven Dwarfs,1937
2024-03-01,The Falcon and the Winter Soldier,2021
2024-03-01,Moon,2009
2024-03-01,Sausage Party,2016
2024-03-01,Nosferatu,1922
2024-03-01,Million Dollar Baby,2004
2024-03-01,Mank,2020
2024-03-01,Ocean's Twelve,2004
2024-03-01,Fantastic Beasts: The Secrets of Dumbledore,2022
2024-03-01,Chicago,2002
2024-03-01,Hustlers,2019
2024-03-01,Hustle,2022
2024-03-01,Pirates of the Caribbean: Dead Men Tell No Tales,2017
2024-03-01,Poltergeist,1982
2024-03-01,Alice in Wonderland,1951
2024-03-01,Space Jam,1996
2024-03-01,Final Destination,2000
2024-03-01,Blonde,2022
2024-03-01,Mission: Impossible III,2006
2024-03-01,Mystic River,2003
2024-03-01,The Ring,2002
2024-03-01,The Wolverine,2013
2024-03-01,Sin City,2005
2024-03-01,Now You See Me 2,2016
2024-03-01,127 Hours,2010
2024-03-01,The Hangover Part II,2011
2024-03-01,The Bourne Identity,2002
2024-03-01,Labyrinth,1986
2024-03-01,Hotel Transylvania,2012
2024-03-01,Alita: Battle Angel,2019
2024-03-01,Bolt,2008
2024-03-01,Insomnia,2002
2024-03-01,Sleepy Hollow,1999
2024-03-01,Mission: Impossible II,2000
2024-03-01,Jumanji: The Next Level,2019
2024-03-01,Speed,1994
2024-03-01,Godzilla: King of the Monsters,2019
2024-03-01,The Fast and the Furious: Tokyo Drift,2006
2024-03-01,Red Notice,2021
2024-03-01,Raising Arizona,1987
2024-03-01,Rope,1948
2024-03-01,Independence Day,1996
2024-03-01,A Simple Favor,2018
2024-03-01,Point Break,1991
2024-03-01,The Karate Kid,1984
2024-03-01,Friends with Benefits,2011
2024-03-01,Bruce Almighty,2003
2024-03-01,The Prince of Egypt,1998
2024-03-01,Army of Darkness,1992
2024-03-01,The Lost City,2022
2024-03-01,Cape Fear,1991
2024-03-01,Mrs. Doubtfire,1993
2024-03-01,X-Men: The Last Stand,2006
2024-03-01,X-Men Origins: Wolverine,2009
2024-03-01,Quantum of Solace,2008
2024-03-01,The Lost Boys,1987
2024-03-01,Pocahontas,1995
2024-03-01,The Meg,2018
2024-03-01,Panic Room,2002
2024-03-01,The Guardians of the Galaxy Holiday Special,2022
2024-03-01,Wind River,2017
2024-03-01,Creed II,2018
2024-03-01,Ghostbusters: Afterlife,2021
2024-03-01,The Big Sick,2017
2024-03-01,The Da Vinci Code,2006
2024-03-01,Sing,2016
2024-03-01,Rush Hour,1998
2024-03-01,High School Musical 2,2007
2024-03-01,American Pie,1999
2024-03-01,Total Recall,1990
2024-03-01,Violent Night,2022
2024-03-01,King Kong,2005
2024-03-01,Candyman,1992
2024-03-01,Hawkeye,2021
2024-03-01,Logan Lucky,2017
2024-03-01,Taken,2008
2024-03-01,The Jungle Book,2016
2024-03-01,Atomic Blonde,2017
2024-03-01,The Lorax,2012
2024-03-01,The Man from U.N.C.L.E.,2015
2024-03-01,Office Space,1999
2024-03-01,National Treasure,2004
2024-03-01,2 Fast 2 Furious,2003
2024-03-01,Chicken Little,2005
2024-03-01,In the Heights,2021
2024-03-01,Fast X,2023
2024-03-01,Fantastic Four,2005
2024-03-01,Blade,1998
2024-03-01,The Blind Side,2009
2024-03-01,Furious 7,2015
2024-03-01,Mary Poppins,1964
2024-03-01,Child's Play,1988
2024-03-01,Fantasia,1940
2024-03-01,War of the Worlds,2005
2024-03-01,Pineapple Express,2008
2024-03-01,Star Trek,2009
2024-03-01,Love & Other Drugs,2010
2024-03-01,Murder Mystery,2019
2024-03-01,Primal Fear,1996
2024-03-01,Happiest Season,2020
2024-03-01,You've Got Mail,1998
2024-03-01,Bambi,1942
2024-03-01,Ice Age: The Meltdown,2006
2024-03-01,Crash,1996
2024-03-01,The Untouchables,1987
2024-03-01,Neighbors,2014
2024-03-01,Starship Troopers,1997
2024-03-01,Saw III,2006
2024-03-01,The Raid,2011
2024-03-01,Austin Powers: International Man of Mystery,1997
2024-03-01,The Hunchback of Notre Dame,1996
2024-03-01,The Devil's Advocate,1997
2024-03-01,Steve Jobs,2015
2024-03-01,Nerve,2016
2024-03-01,Face/Off,1997
2024-03-01,Limitless,2011
2024-03-01,Men in Black II,2002
2024-03-01,Cinderella,1950
2024-03-01,Seven Psychopaths,2012
2024-03-01,Sonic the Hedgehog 2,2022
2024-03-01,Troy,2004
2024-03-01,Sherlock Holmes: A Game of Shadows,2011
2024-03-01,Jurassic Park III,2001
2024-03-01,Bumblebee,2018
2024-03-01,One Hundred and One Dalmatians,1961
2024-03-01,Hook,1991
2024-03-01,Gran Turismo,2023
2024-03-01,Double Indemnity,1944
2024-03-01,Vanilla Sky,2001
2024-03-01,Twin Peaks,1989
2024-03-01,Ocean's Thirteen,2007
2024-03-01,Men in Black 3,2012
2024-03-01,Escape from New York,1981
2024-03-01,Little Shop of Horrors,1986
2024-03-01,The Night of the Hunter,1955
2024-03-01,Charlie's Angels,2000
2024-03-01,The Muppet Christmas Carol,1992
2024-03-01,Cinderella,2015
2024-03-01,Popstar: Never Stop Never Stopping,2016
2024-03-01,F9,2021
2024-03-01,Puss in Boots,2011
2024-03-01,Sleeping Beauty,1959
2024-03-01,The Other Guys,2010
2024-03-01,Sixteen Candles,1984
2024-03-01,Batman & Robin,1997
2024-03-01,Molly's Game,2017
2024-03-01,Mortal Kombat,2021
2024-03-01,The Jungle Book,1967
2024-03-01,The Blues Brothers,1980
2024-03-01,Erin Brockovich,2000
2024-03-01,"Lock, Stock and Two Smoking Barrels",1998
2024-03-01,The Princess Diaries 2: Royal Engagement,2004
2024-03-01,Cruel Intentions,1999
2024-03-01,Source Code,2011
2024-03-01,Peter Pan,1953
2024-03-01,Begin Again,2013
2024-03-01,Ace Ventura: Pet Detective,1994
2024-03-01,Batman Forever,1995
2024-03-01,The Assassination of Jesse James by the Coward Robert Ford,2007
2024-03-01,Transformers: Rise of the Beasts,2023
2024-03-01,Mad Max,1979
2024-03-01,Gerald's Game,2017
2024-03-01,Just Go with It,2011
2024-03-01,Yes Man,2008
2024-03-01,Meet the Parents,2000
2024-03-01,Liar Liar,1997
2024-03-01,Kids,1995
2024-03-01,Blood Diamond,2006
2024-03-01,Spy Kids,2001
2024-03-01,Fast & Furious 6,2013
2024-03-01,A Few Good Men,1992
2024-03-01,I Know What You Did Last Summer,1997
2024-03-01,Transformers: Revenge of the Fallen,2009
2024-03-01,The Secret Life of Pets,2016
2024-03-01,The Third Man,1949
2024-03-01,Hellboy,2004
2024-03-01,Star Trek Into Darkness,2013
2024-03-01,DodgeBall: A True Underdog Story,2004
2024-03-01,Scent of a Woman,1992
2024-03-01,The Dictator,2012
2024-03-01,Clerks,1994
2024-03-01,The Wrestler,2008
2024-03-01,The Karate Kid,2010
2024-03-01,The Bourne Ultimatum,2007
2024-03-01,Dark Shadows,2012
2024-03-01,Lady and the Tramp,1955
2024-03-01,Ambulance,2022
2024-03-01,The Hangover Part III,2013
2024-03-01,First Blood,1982
2024-03-01,27 Dresses,2008
2024-03-01,Death Becomes Her,1992
2024-03-01,Hancock,2008
2024-03-01,High School Musical 3: Senior Year,2008
2024-03-01,Fast & Furious Presents: Hobbs & Shaw,2019
2024-03-01,The Fate of the Furious,2017
2024-03-01,Mars Attacks!,1996
2024-03-01,Fast & Furious,2009
2024-03-01,Thief,1981
2024-03-01,All the President's Men,1976
2024-03-01,Young Frankenstein,1974
2024-03-01,Election,1999
2024-03-01,American Gangster,2007
2024-03-01,She's All That,1999
2024-03-01,Jerry Maguire,1996
2024-03-01,The Fugitive,1993
2024-03-01,Dumb Money,2023
2024-03-01,Stuart Little,1999
2024-03-01,A History of Violence,2005
2024-03-01,Dumbo,1941
2024-03-01,Dredd,2012
2024-03-01,Inside Man,2006
2024-03-01,Transformers: Dark of the Moon,2011
2024-03-01,Meg 2: The Trench,2023
2024-03-01,Frankenstein,1931
2024-03-01,The Aristocats,1970
2024-03-01,Walk the Line,2005
2024-03-01,The Strangers,2008
2024-03-01,The Cat in the Hat,2003
2024-03-01,Emily the Criminal,2022
2024-03-01,Apollo 13,1995
2024-03-01,The Equalizer,2014
2024-03-01,Rocky II,1979
2024-03-01,Argylle,2024
2024-03-01,"Planes, Trains and Automobiles",1987
2024-03-01,Practical Magic,1998
2024-03-01,Dial M for Murder,1954
2024-03-01,The Crow,1994
2024-03-01,Wedding Crashers,2005
2024-03-01,Red Eye,2005
2024-03-01,Rocky IV,1985
2024-03-01,The Last Samurai,2003
2024-03-01,Hot Rod,2007
2024-03-01,Kick-Ass 2,2013
2024-03-01,Eastern Promises,2007
2024-03-01,Sing 2,2021
2024-03-01,Saw IV,2007
2024-03-01,The Naked Gun: From the Files of Police Squad!,1988
2024-03-01,Four Weddings and a Funeral,1994
2024-03-01,Donnie Brasco,1997
2024-03-01,Bring It On,2000
2024-03-01,Fantastic Four: Rise of the Silver Surfer,2007
2024-03-01,Tag,2018
2024-03-01,The Bourne Supremacy,2004
2024-03-01,The Lego Movie 2: The Second Part,2019
2024-03-01,Pi,1998
2024-03-01,Warrior,2011
2024-03-01,Addams Family Values,1993
2024-03-01,Armageddon,1998
2024-03-01,A Knight's Tale,2001
2024-03-01,Event Horizon,1997
2024-03-01,Tusk,2014
2024-03-01,Weird: The Al Yankovic Story,2022
2024-03-01,Blazing Saddles,1974
2024-03-01,Kiss Kiss Bang Bang,2005
2024-03-01,Ghost,1990
2024-03-01,Wayne's World,1992
2024-03-01,Into the Woods,2014
2024-03-01,Grown Ups 2,2013
2024-03-01,Brick,2005
2024-03-01,Knocked Up,2007
2024-03-01,There's Something About Mary,1998
2024-03-01,Philadelphia,1993
2024-03-01,Harry Potter 20th Anniversary: Return to Hogwarts,2022
2024-03-01,The Girl on the Train,2016
2024-03-01,Coming to America,1988
2024-03-01,Austin Powers: The Spy Who Shagged Me,1999
2024-03-01,Murder Mystery 2,2023
2024-03-01,Aquaman and the Lost Kingdom,2023
2024-03-01,Pixels,2015
2024-03-01,The Fountain,2006
2024-03-01,Meet Joe Black,1998
2024-03-01,The Bad Guys,2022
2024-03-01,A Christmas Story,1983
2024-03-01,Star Trek Beyond,2016
2024-03-01,The Santa Clause,1994
2024-03-01,Rocky III,1982
2024-03-01,The Grinch,2018
2024-03-01,Insurgent,2015
2024-03-01,Adventureland,2009
2024-03-01,Robin Hood,1973
2024-03-01,The Boss Baby,2017
2024-03-01,Final Destination 3,2006
2024-03-01,It,1990
2024-03-01,Roald Dahl's Matilda the Musical,2022
2024-03-01,Spaceballs,1987
2024-03-01,Bride Wars,2009
2024-03-01,Green Lantern,2011
2024-03-01,Manhunter,1986
2024-03-01,Brothers,2009
2024-03-01,Sideways,2004
2024-03-01,Goldfinger,1964
2024-03-01,The Mummy Returns,2001
2024-03-01,Mary Poppins Returns,2018
2024-03-01,Talladega Nights: The Ballad of Ricky Bobby,2006
2024-03-01,Holidate,2020
2024-03-01,Baywatch,2017
2024-03-01,Saw V,2008
2024-03-01,Fast Times at Ridgemont High,1982
2024-03-01,A Christmas Carol,2009
2024-03-01,Revolutionary Road,2008
2024-03-01,The NeverEnding Story,1984
2024-03-01,Spy,2015
2024-03-01,He's Just Not That Into You,2009
2024-03-01,Hubie Halloween,2020
2024-03-01,Tremors,1990
2024-03-01,Big Daddy,1999
2024-03-01,Long Shot,2019
2024-03-01,Empire Records,1995
2024-03-01,Final Destination 2,2003
2024-03-01,Bad Boys,1995
2024-03-01,Lethal Weapon,1987
2024-03-01,The Maltese Falcon,1941
2024-03-01,Up in the Air,2009
2024-03-01,Die Hard 2,1990
2024-03-01,Transformers: Age of Extinction,2014
2024-03-01,Die Hard With a Vengeance,1995
2024-03-01,My Girl,1991
2024-03-01,You Are So Not Invited to My Bat Mitzvah,2023
2024-03-01,Casper,1995
2024-03-01,Red Dragon,2002
2024-03-01,The Little Things,2021
2024-03-01,Pitch Perfect 3,2017
2024-03-01,Ghost in the Shell,2017
2024-03-01,Wanted,2008
2024-03-01,Pretty in Pink,1986
2024-03-01,Garden State,2004
2024-03-01,Ghostbusters II,1989
2024-03-01,Falling Down,1993
2024-03-01,No Strings Attached,2011
2024-03-01,Austin Powers in Goldmember,2002
2024-03-01,Superman,1978
2024-03-01,Idiocracy,2006
2024-03-01,Con Air,1997
2024-03-01,Ghost Rider,2007
2024-03-01,Dr. No,1962
2024-03-01,Maleficent: Mistress of Evil,2019
2024-03-01,Always Be My Maybe,2019
2024-03-01,Anchorman 2: The Legend Continues,2013
2024-03-01,Stranger Than Fiction,2006
2024-03-01,Men in Black: International,2019
2024-03-01,Hitch,2005
2024-03-01,Real Steel,2011
2024-03-01,The Accountant,2016
2024-03-01,Jeepers Creepers,2001
2024-03-01,The Wedding Singer,1998
2024-03-01,Red Sparrow,2018
2024-03-01,"South Park: Bigger, Longer & Uncut",1999
2024-03-01,Horton Hears a Who!,2008
2024-03-01,JFK,1991
2024-03-01,Road to Perdition,2002
2024-03-01,True Lies,1994
2024-03-01,Public Enemies,2009
2024-03-01,A Nightmare on Elm Street 3: Dream Warriors,1987
2024-03-01,GoldenEye,1995
2024-03-01,Jingle All the Way,1996
2024-03-01,Following,1998
2024-03-01,Ticket to Paradise,2022
2024-03-01,A Nightmare on Elm Street Part 2: Freddy's Revenge,1985
2024-03-01,Meet the Fockers,2004
2024-03-01,Footloose,1984
2024-03-01,Not Another Teen Movie,2001
2024-03-01,Gone Baby Gone,2007
2024-03-01,Hulk,2003
2024-03-01,Man on Fire,2004
2024-03-01,Spartacus,1960
2024-03-01,Wrath of Man,2021
2024-03-01,The Hitman's Bodyguard,2017
2024-03-01,James and the Giant Peach,1996
2024-03-01,Trolls,2016
2024-03-01,Blade II,2002
2024-03-01,Tombstone,1993
2024-03-02,Caddyshack,1980
2024-03-02,Ordinary People,1980
2024-03-02,Superman II,1980
2024-03-02,The Blue Lagoon,1980
2024-03-02,Popeye,1980
2024-03-02,Stir Crazy,1980
2024-03-02,The Fox and the Hound,1981
2024-03-02,Body Heat,1981
2024-03-02,For Your Eyes Only,1981
2024-03-02,Stripes,1981
2024-03-02,History of the World: Part I,1981
2024-03-02,Porky's,1981
2024-03-02,Pink Floyd: The Wall,1982
2024-03-02,Tron,1982
2024-03-02,The Verdict,1982
2024-03-02,Annie,1982
2024-03-02,The Secret of NIMH,1982
2024-03-02,Diner,1982
2024-03-02,An Officer and a Gentleman,1982
2024-03-02,The Toy,1982
2024-03-02,The Outsiders,1983
2024-03-02,Risky Business,1983
2024-03-02,Trading Places,1983
2024-03-02,National Lampoon's Vacation,1983
2024-03-02,WarGames,1983
2024-03-02,Octopussy,1983
2024-03-02,Flashdance,1983
2024-03-02,Twilight Zone: The Movie,1983
2024-03-02,Superman III,1983
2024-03-02,Mickey's Christmas Carol,1983
2024-03-02,Never Say Never Again,1983
2024-03-02,Michael Jackson's Thriller,1983
2024-03-02,Mr. Mom,1983
2024-03-02,Strange Brew,1983
2024-03-02,All the Right Moves,1983
2024-03-02,Beverly Hills Cop,1984
2024-03-02,Romancing the Stone,1984
2024-03-02,Police Academy,1984
2024-03-02,The Natural,1984
2024-03-02,Revenge of the Nerds,1984
2024-03-02,Ghost,1984
2024-03-02,Johnny Dangerously,1984
2024-03-02,Pee-wee's Big Adventure,1985
2024-03-02,Commando,1985
2024-03-02,Rambo: First Blood Part II,1985
2024-03-02,Weird Science,1985
2024-03-02,A View to a Kill,1985
2024-03-02,Teen Wolf,1985
2024-03-02,St. Elmo's Fire,1985
2024-03-02,Better Off Dead...,1985
2024-03-02,Desperately Seeking Susan,1985
2024-03-02,Fletch,1985
2024-03-02,National Lampoon's European Vacation,1985
2024-03-02,Police Academy 2: Their First Assignment,1985
2024-03-02,Brewster's Millions,1985
2024-03-02,Spies Like Us,1985
2024-03-02,Just One of the Guys,1985
2024-03-02,Santa Claus: The Movie,1985
2024-03-02,The Karate Kid Part II,1986
2024-03-02,Chopping Mall,1986
2024-03-02,Cobra,1986
2024-03-02,¡Three Amigos!,1986
2024-03-02,Howard the Duck,1986
2024-03-02,Crocodile Dundee,1986
2024-03-02,An American Tail,1986
2024-03-02,House,1985
2024-03-02,The Transformers: The Movie,1986
2024-03-02,The Money Pit,1986
2024-03-02,Short Circuit,1986
2024-03-02,Flight of the Navigator,1986
2024-03-02,Back to School,1986
2024-03-02,Police Academy 3: Back in Training,1986
2024-03-02,Captain EO,1986
2024-03-02,Rad,1986
2024-03-02,The Worst Witch,1986
2024-03-02,Wall Street,1987
2024-03-02,The Running Man,1987
2024-03-02,The Living Daylights,1987
2024-03-02,The Monster Squad,1987
2024-03-02,Adventures in Babysitting,1987
2024-03-02,Overboard,1987
2024-03-02,Superman IV: The Quest for Peace,1987
2024-03-02,Innerspace,1987
2024-03-02,The Brave Little Toaster,1987
2024-03-02,Over the Top,1987
2024-03-02,3 Men and a Baby,1987
2024-03-02,La Bamba,1987
2024-03-02,Masters of the Universe,1987
2024-03-02,Mannequin,1987
2024-03-02,Throw Momma from the Train,1987
2024-03-02,No Way Out,1987
2024-03-02,Roxanne,1987
2024-03-02,Harry and the Hendersons,1987
2024-03-02,*batteries not included,1987
2024-03-02,The Secret of My Success,1987
2024-03-02,Michael Jackson: Bad,1987
2024-03-02,Police Academy 4: Citizens on Patrol,1987
2024-03-02,Summer School,1987
2024-03-02,Ernest Goes to Camp,1987
2024-03-02,Teen Wolf Too,1987
2024-03-02,Big,1988
2024-03-02,Killer Klowns from Outer Space,1988
2024-03-02,A Fish Called Wanda,1988
2024-03-02,Scrooged,1988
2024-03-02,Midnight Run,1988
2024-03-02,The Land Before Time,1988
2024-03-02,A Nightmare on Elm Street 4: The Dream Master,1988
2024-03-02,Willow,1988
2024-03-02,Oliver & Company,1988
2024-03-02,Twins,1988
2024-03-02,Bloodsport,1988
2024-03-02,Rambo III,1988
2024-03-02,Cocktail,1988
2024-03-02,Bull Durham,1988
2024-03-02,Dirty Rotten Scoundrels,1988
2024-03-02,Earth Girls Are Easy,1988
2024-03-02,Young Guns,1988
2024-03-02,Stand and Deliver,1988
2024-03-02,The Great Outdoors,1988
2024-03-02,Crocodile Dundee II,1988
2024-03-02,License to Drive,1988
2024-03-02,Eight Men Out,1988
2024-03-02,Above the Law,1988
2024-03-02,Ernest Saves Christmas,1988
2024-03-02,Police Academy 5: Assignment Miami Beach,1988
2024-03-02,Funny Farm,1988
2024-03-02,Short Circuit 2,1988
2024-03-02,Big Top Pee-wee,1988
2024-03-02,Caddyshack II,1988
2024-03-02,National Lampoon's Christmas Vacation,1989
2024-03-02,Bill & Ted's Excellent Adventure,1989
2024-03-02,Say Anything...,1989
2024-03-02,Pet Sematary,1989
2024-03-02,"Honey, I Shrunk the Kids",1989
2024-03-02,Field of Dreams,1989
2024-03-02,The 'Burbs,1989
2024-03-02,Road House,1989
2024-03-02,Uncle Buck,1989
2024-03-02,Lethal Weapon 2,1989
2024-03-02,A Nightmare on Elm Street: The Dream Child,1989
2024-03-02,Licence to Kill,1989
2024-03-02,The Karate Kid Part III,1989
2024-03-02,Weekend at Bernie's,1989
2024-03-02,All Dogs Go to Heaven,1989
2024-03-02,Tango & Cash,1989
2024-03-02,UHF,1989
2024-03-02,Look Who's Talking,1989
2024-03-02,Parenthood,1989
2024-03-02,Major League,1989
2024-03-02,Turner & Hooch,1989
2024-03-02,"See No Evil, Hear No Evil",1989
2024-03-02,Kickboxer,1989
2024-03-02,The War of the Roses,1989
2024-03-02,She-Devil,1989
2024-03-02,Teen Witch,1989
2024-03-02,Lean On Me,1989
2024-03-02,The Wizard,1989
2024-03-02,Little Monsters,1989
2024-03-02,Lock Up,1989
2024-03-02,Police Academy 6: City Under Siege,1989
2024-03-02,Dream a Little Dream,1989
2024-03-02,The Dream Team,1989
2024-03-02,No Holds Barred,1989
2024-03-02,Prancer,1989
2024-03-02,Gremlins 2: The New Batch,1990
2024-03-02,The Hunt for Red October,1990
2024-03-02,Child's Play 2,1990
2024-03-02,Rocky V,1990
2024-03-02,Predator 2,1990
2024-03-02,Teenage Mutant Ninja Turtles,1990
2024-03-02,Darkman,1990
2024-03-02,Kindergarten Cop,1990
2024-03-02,Days of Thunder,1990
2024-03-02,Dick Tracy,1990
2024-03-02,The Rescuers Down Under,1990
2024-03-02,Flatliners,1990
2024-03-02,Arachnophobia,1990
2024-03-02,RoboCop 2,1990
2024-03-02,Joe Versus the Volcano,1990
2024-03-02,Pump Up the Volume,1990
2024-03-02,Look Who's Talking Too,1990
2024-03-02,Problem Child,1990
2024-03-02,Quick Change,1990
2024-03-02,The NeverEnding Story II: The Next Chapter,1990
2024-03-02,Lionheart,1990
2024-03-02,My Blue Heaven,1990
2024-03-02,Hard to Kill,1990
2024-03-02,3 Men and a Little Lady,1990
2024-03-02,Men at Work,1990
2024-03-02,Death Warrant,1990
2024-03-02,Ernest Goes to Jail,1990
2024-03-02,Spaced Invaders,1990
2024-03-02,Ghost Dad,1990
2024-03-02,Mr. Destiny,1990
2024-03-02,MadHouse,1990
2024-03-02,Boyz n the Hood,1991
2024-03-02,Bill & Ted's Bogus Journey,1991
2024-03-02,The Doors,1991
2024-03-02,Child's Play 3,1991
2024-03-02,Freddy's Dead: The Final Nightmare,1991
2024-03-02,The People Under the Stairs,1991
2024-03-02,Robin Hood: Prince of Thieves,1991
2024-03-02,The Last Boy Scout,1991
2024-03-02,The Naked Gun 2½: The Smell of Fear,1991
2024-03-02,What About Bob?,1991
2024-03-02,Hot Shots!,1991
2024-03-02,Teenage Mutant Ninja Turtles II: The Secret of the Ooze,1991
2024-03-02,Backdraft,1991
2024-03-02,City Slickers,1991
2024-03-02,Don't Tell Mom the Babysitter's Dead,1991
2024-03-02,Drop Dead Fred,1991
2024-03-02,Hudson Hawk,1991
2024-03-02,Reservoir Dogs,1991
2024-03-02,L.A. Story,1991
2024-03-02,An American Tail: Fievel Goes West,1991
2024-03-02,Nothing But Trouble,1991
2024-03-02,Double Impact,1991
2024-03-02,Doc Hollywood,1991
2024-03-02,Out for Justice,1991
2024-03-02,Curly Sue,1991
2024-03-02,Oscar,1991
2024-03-02,Rock-A-Doodle,1991
2024-03-02,Problem Child 2,1991
2024-03-02,Dutch,1991
2024-03-02,King Ralph,1991
2024-03-02,Suburban Commando,1991
2024-03-02,Necessary Roughness,1991
2024-03-02,Mannequin Two: On the Move,1991
2024-03-02,Other People's Money,1991
2024-03-02,Class Action,1991
2024-03-02,Bingo,1991
2024-03-02,Another You,1991
2024-03-02,Rock 'n' Roll High School Forever,1991
2024-03-02,Sleepless in Seattle,1993
2024-03-02,The Sandlot,1993
2024-03-02,Demolition Man,1993
2024-03-02,Last Action Hero,1993
2024-03-02,The Firm,1993
2024-03-02,Cool Runnings,1993
2024-03-02,Robin Hood: Men in Tights,1993
2024-03-02,Super Mario Bros.,1993
2024-03-02,Free Willy,1993
2024-03-02,Cliffhanger,1993
2024-03-02,Leprechaun,1993
2024-03-02,The Pelican Brief,1993
2024-03-02,Wayne's World 2,1993
2024-03-02,So I Married an Axe Murderer,1993
2024-03-02,Sister Act 2: Back in the Habit,1993
2024-03-02,Coneheads,1993
2024-03-02,A Perfect World,1993
2024-03-02,Rudy,1993
2024-03-02,Homeward Bound: The Incredible Journey,1993
2024-03-02,Indecent Proposal,1993
2024-03-02,Hot Shots! Part Deux,1993
2024-03-02,The Good Son,1993
2024-03-02,Dennis the Menace,1993
2024-03-02,Dave,1993
2024-03-02,RoboCop 3,1993
2024-03-02,The Three Musketeers,1993
2024-03-02,Grumpy Old Men,1993
2024-03-02,Rookie of the Year,1993
2024-03-02,National Lampoon's Loaded Weapon 1,1993
2024-03-02,Sliver,1993
2024-03-02,Son in Law,1993
2024-03-02,The Beverly Hillbillies,1993
2024-03-02,Point of No Return,1993
2024-03-02,The Man Without a Face,1993
2024-03-02,Weekend at Bernie's II,1993
2024-03-02,For Love or Money,1993
2024-03-02,The Tommyknockers,1993
2024-03-02,The Meteor Man,1993
2024-03-02,The Program,1993
2024-03-02,Another Stakeout,1993
2024-03-02,Cop & ½,1993
2024-03-02,Mr. Nanny,1993
2024-03-02,Life with Mikey,1993
2024-03-02,Indian Summer,1993
2024-03-02,Father Hood,1993
2024-03-02,Denis Leary: No Cure for Cancer,1993
2024-03-02,The Lion King,1994
2024-03-02,Dumb and Dumber,1994
2024-03-02,Wes Craven's New Nightmare,1994
2024-03-02,Serial Mom,1994
2024-03-02,Stargate,1994
2024-03-02,The Flintstones,1994
2024-03-02,Airheads,1994
2024-03-02,Naked Gun 33⅓: The Final Insult,1994
2024-03-02,Clear and Present Danger,1994
2024-03-02,Ri¢hie Ri¢h,1994
2024-03-02,Miracle on 34th Street,1994
2024-03-02,Street Fighter,1994
2024-03-02,The Return of Jafar,1994
2024-03-02,Star Trek: Generations,1994
2024-03-02,Timecop,1994
2024-03-02,Junior,1994
2024-03-02,Maverick,1994
2024-03-02,Beverly Hills Cop III,1994
2024-03-02,The Client,1994
2024-03-02,It Could Happen to You,1994
2024-03-02,D2: The Mighty Ducks,1994
2024-03-02,The Next Karate Kid,1994
2024-03-02,Angels in the Outfield,1994
2024-03-02,Clifford,1994
2024-03-02,Disclosure,1994
2024-03-02,Blank Check,1994
2024-03-02,Leprechaun 2,1994
2024-03-02,Mixed Nuts,1994
2024-03-02,The Shadow,1994
2024-03-02,The Stand,1994
2024-03-02,The Ref,1994
2024-03-02,Little Giants,1994
2024-03-02,Wyatt Earp,1994
2024-03-02,The Specialist,1994
2024-03-02,My Girl 2,1994
2024-03-02,Blue Chips,1994
2024-03-02,Blown Away,1994
2024-03-02,When a Man Loves a Woman,1994
2024-03-02,Trapped in Paradise,1994
2024-03-02,The Paper,1994
2024-03-02,Double Dragon,1994
2024-03-02,Cabin Boy,1994
2024-03-02,On Deadly Ground,1994
2024-03-02,With Honors,1994
2024-03-02,Guarding Tess,1994
2024-03-02,Major League II,1994
2024-03-02,Police Academy: Mission to Moscow,1994
2024-03-02,North,1994
2024-03-02,Baseball,1994
2024-03-02,City Slickers II: The Legend of Curly's Gold,1994
2024-03-02,Camp Nowhere,1994
2024-03-02,PCU,1994
2024-03-02,Blankman,1994
2024-03-02,3 Ninjas Kick Back,1994
2024-03-02,The Chase,1994
2024-03-02,Renaissance Man,1994
2024-03-02,In the Army Now,1994
2024-03-02,Little Big League,1994
2024-03-02,Milk Money,1994
2024-03-02,Terminal Velocity,1994
2024-03-02,It's Pat: The Movie,1994
2024-03-02,My Father the Hero,1994
2024-03-02,The Scout,1994
2024-03-02,Greedy,1994
2024-03-02,Getting Even with Dad,1994
2024-03-02,Cobb,1994
2024-03-02,Cops & Robbersons,1994
2024-03-02,Intersection,1994
2024-03-02,Wagons East!,1994
2024-03-02,Clean Slate,1994
2024-03-02,Saved By the Bell: Wedding in Las Vegas,1994
2024-03-02,Twelve Monkeys,1995
2024-03-02,While You Were Sleeping,1995
2024-03-02,To Die For,1995
2024-03-02,Strange Days,1995
2024-03-02,Billy Madison,1995
2024-03-02,Ace Ventura: When Nature Calls,1995
2024-03-02,The Quick and the Dead,1995
2024-03-02,Desperado,1995
2024-03-02,Mortal Kombat,1995
2024-03-02,Mallrats,1995
2024-03-02,Waterworld,1995
2024-03-02,Hackers,1995
2024-03-02,Four Rooms,1995
2024-03-02,Tommy Boy,1995
2024-03-02,Johnny Mnemonic,1995
2024-03-02,Outbreak,1995
2024-03-02,Get Shorty,1995
2024-03-02,Judge Dredd,1995
2024-03-02,Dead Man Walking,1995
2024-03-02,Species,1995
2024-03-02,The Net,1995
2024-03-02,The American President,1995
2024-03-02,It Takes Two,1995
2024-03-02,Dangerous Minds,1995
2024-03-02,Dead Presidents,1995
2024-03-02,Dracula: Dead and Loving It,1995
2024-03-02,Congo,1995
2024-03-02,Vampire in Brooklyn,1995
2024-03-02,Major Payne,1995
2024-03-02,Assassins,1995
2024-03-02,Sudden Death,1995
2024-03-02,Virtuosity,1995
2024-03-02,First Knight,1995
2024-03-02,Under Siege 2: Dark Territory,1995
2024-03-02,Nick of Time,1995
2024-03-02,Home for the Holidays,1995
2024-03-02,Cutthroat Island,1995
2024-03-02,Money Train,1995
2024-03-02,The Langoliers,1995
2024-03-02,Grumpier Old Men,1995
2024-03-02,Murder in the First,1995
2024-03-02,Free Willy 2: The Adventure Home,1995
2024-03-02,Canadian Bacon,1995
2024-03-02,Man of the House,1995
2024-03-02,Forget Paris,1995
2024-03-02,Something to Talk About,1995
2024-03-02,Jury Duty,1995
2024-03-02,Embrace of the Vampire,1995
2024-03-02,Fair Game,1995
2024-03-02,Houseguest,1995
2024-03-02,White Man's Burden,1995
2024-03-02,Stuart Saves His Family,1995
2024-03-02,Bottle Rocket,1996
2024-03-02,Happy Gilmore,1996
2024-03-02,Twister,1996
2024-03-02,The Rock,1996
2024-03-02,Sleepers,1996
2024-03-02,101 Dalmatians,1996
2024-03-02,The Cable Guy,1996
2024-03-02,A Time to Kill,1996
2024-03-02,That Thing You Do!,1996
2024-03-02,Escape from L.A.,1996
2024-03-02,The Frighteners,1996
2024-03-02,The Nutty Professor,1996
2024-03-02,The Long Kiss Goodnight,1996
2024-03-02,The People vs. Larry Flynt,1996
2024-03-02,Beavis and Butt-Head Do America,1996
2024-03-02,Star Trek: First Contact,1996
2024-03-02,Kingpin,1996
2024-03-02,Set It Off,1996
2024-03-02,Don't Be a Menace to South Central While Drinking Your Juice in the Hood,1996
2024-03-02,Aladdin and the King of Thieves,1996
2024-03-02,Ransom,1996
2024-03-02,Broken Arrow,1996
2024-03-02,DragonHeart,1996
2024-03-02,Eraser,1996
2024-03-02,Thinner,1996
2024-03-02,Executive Decision,1996
2024-03-02,The Ghost and the Darkness,1996
2024-03-02,The Fan,1996
2024-03-02,The Island of Dr. Moreau,1996
2024-03-02,Tremors 2: Aftershocks,1996
2024-03-02,Black Sheep,1996
2024-03-02,Barb Wire,1996
2024-03-02,Chain Reaction,1996
2024-03-02,D3: The Mighty Ducks,1996
2024-03-02,Bio-Dome,1996
2024-03-02,Multiplicity,1996
2024-03-02,Tin Cup,1996
2024-03-02,Bulletproof,1996
2024-03-02,Spy Hard,1996
2024-03-02,Joe's Apartment,1996
2024-03-02,Kids in the Hall: Brain Candy,1996
2024-03-02,Down Periscope,1996
2024-03-02,The Quest,1996
2024-03-02,Maximum Risk,1996
2024-03-02,She's the One,1996
2024-03-02,Sgt. Bilko,1996
2024-03-02,The Glimmer Man,1996
2024-03-02,The Juror,1996
2024-03-02,The Late Shift,1996
2024-03-02,Celtic Pride,1996
2024-03-02,Fled,1996
2024-03-02,The Great White Hype,1996
2024-03-02,Big Bully,1996
2024-03-02,Two If by Sea,1996
2024-03-02,Tomorrow Never Dies,1997
2024-03-02,Air Force One,1997
2024-03-02,Chasing Amy,1997
2024-03-02,Anaconda,1997
2024-03-02,Home Alone 3,1997
2024-03-02,Cop Land,1997
2024-03-02,Grosse Pointe Blank,1997
2024-03-02,The Rainmaker,1997
2024-03-02,Spawn,1997
2024-03-02,Selena,1997
2024-03-02,Mortal Kombat: Annihilation,1997
2024-03-02,Speed 2: Cruise Control,1997
2024-03-02,Fools Rush In,1997
2024-03-02,Kiss the Girls,1997
2024-03-02,The Devil's Own,1997
2024-03-02,Beauty and the Beast: The Enchanted Christmas,1997
2024-03-02,Conspiracy Theory,1997
2024-03-02,The Jackal,1997
2024-03-02,Vegas Vacation,1997
2024-03-02,Double Team,1997
2024-03-02,Beverly Hills Ninja,1997
2024-03-02,The Saint,1997
2024-03-02,Orgazmo,1997
2024-03-02,Private Parts,1997
2024-03-02,Picture Perfect,1997
2024-03-02,Nothing to Lose,1997
2024-03-02,The Shining,1997
2024-03-02,Excess Baggage,1997
2024-03-02,Suicide Kings,1997
2024-03-02,Money Talks,1997
2024-03-02,The Pest,1997
2024-03-02,Metro,1997
2024-03-02,McHale's Navy,1997
2024-03-02,Trial and Error,1997
2024-03-02,Meet Wally Sparks,1997
2024-03-02,Dark City,1998
2024-03-02,The Faculty,1998
2024-03-02,Wild Things,1998
2024-03-02,The Mask of Zorro,1998
2024-03-02,The Waterboy,1998
2024-03-02,Godzilla,1998
2024-03-02,Out of Sight,1998
2024-03-02,Ronin,1998
2024-03-02,Urban Legend,1998
2024-03-02,Rounders,1998
2024-03-02,Small Soldiers,1998
2024-03-02,Enemy of the State,1998
2024-03-02,Doctor Dolittle,1998
2024-03-02,Deep Impact,1998
2024-03-02,The Man in the Iron Mask,1998
2024-03-02,I Still Know What You Did Last Summer,1998
2024-03-02,Can't Hardly Wait,1998
2024-03-02,He Got Game,1998
2024-03-02,Lethal Weapon 4,1998
2024-03-02,Psycho,1998
2024-03-02,The Negotiator,1998
2024-03-02,BASEketball,1998
2024-03-02,A Night at the Roxbury,1998
2024-03-02,Disturbing Behavior,1998
2024-03-02,Dirty Work,1998
2024-03-02,Half Baked,1998
2024-03-02,U.S. Marshals,1998
2024-03-02,A Perfect Murder,1998
2024-03-02,Star Trek: Insurrection,1998
2024-03-02,Six Days Seven Nights,1998
2024-03-02,Senseless,1998
2024-03-02,The Object of My Affection,1998
2024-03-02,Very Bad Things,1998
2024-03-02,I'll Be Home for Christmas,1998
2024-03-02,Hope Floats,1998
2024-03-02,The Avengers,1998
2024-03-02,Wrongfully Accused,1998
2024-03-02,A Civil Action,1998
2024-03-02,How Stella Got Her Groove Back,1998
2024-03-02,Almost Heroes,1998
2024-03-02,Dead Man on Campus,1998
2024-03-02,Jane Austen's Mafia!,1998
2024-03-02,Desperate Measures,1998
2024-03-02,Jerry Seinfeld: I'm Telling You for the Last Time,1998
2024-03-02,Major League: Back to the Minors,1998
2024-03-02,Man on the Moon,1999
2024-03-02,The Boondock Saints,1999
2024-03-02,Never Been Kissed,1999
2024-03-02,Jawbreaker,1999
2024-03-02,Dogma,1999
2024-03-02,The World Is Not Enough,1999
2024-03-02,Deep Blue Sea,1999
2024-03-02,The Bone Collector,1999
2024-03-02,Runaway Bride,1999
2024-03-02,Go,1999
2024-03-02,Analyze This,1999
2024-03-02,Any Given Sunday,1999
2024-03-02,Blast from the Past,1999
2024-03-02,Mystery Men,1999
2024-03-02,Double Jeopardy,1999
2024-03-02,Mickey's Once Upon a Christmas,1999
2024-03-02,The Thomas Crown Affair,1999
2024-03-02,Payback,1999
2024-03-02,End of Days,1999
2024-03-02,Deuce Bigalow: Male Gigolo,1999
2024-03-02,Blue Streak,1999
2024-03-02,Stigmata,1999
2024-03-02,Entrapment,1999
2024-03-02,Varsity Blues,1999
2024-03-02,Superstar,1999
2024-03-02,For Love of the Game,1999
2024-03-02,Forces of Nature,1999
2024-03-02,The General's Daughter,1999
2024-03-02,Teaching Mrs. Tingle,1999
2024-03-02,Pushing Tin,1999
2024-03-02,Simply Irresistible,1999
2024-03-02,Three to Tango,1999
2024-03-02,The Mod Squad,1999
2024-03-02,Play It to the Bone,1999
2024-03-02,Animal House,1978
2024-03-02,Live and Let Die,1973
2024-03-02,Moonraker,1979
2024-03-02,The Jerk,1979
2024-03-02,The Man with the Golden Gun,1974
2024-03-02,Diamonds Are Forever,1971
2024-03-02,The Spy Who Loved Me,1977
2024-03-02,Enter the Dragon,1973
2024-03-02,Smokey and the Bandit,1977
2024-03-02,Death Race 2000,1975
2024-03-02,Santa Claus Is Comin' to Town,1970
2024-03-02,The Bad News Bears,1976
2024-03-02,The Year Without a Santa Claus,1974
2024-03-02,Pete's Dragon,1977
2024-03-02,From Russia with Love,1963
2024-03-02,Rudolph the Red-Nosed Reindeer,1964
2024-03-02,How the Grinch Stole Christmas!,1966
2024-03-02,Batman,1966
2024-03-02,Frosty the Snowman,1969
2024-03-02,An American in Paris,1951
2024-03-02,White Christmas,1954
2024-03-02,The Ten Commandments,1956
2024-03-02,Pinocchio,1940
2024-03-02,Laura,1944
2024-03-02,The Shop Around the Corner,1940
2024-03-02,Miracle on 34th Street,1947
2024-03-02,Christmas in Connecticut,1945
2024-03-02,Holiday Affair,1949
2024-03-02,The Pride of the Yankees,1942
2024-03-02,The Man Who Came to Dinner,1941
2024-03-02,The Thin Man,1934
2024-03-02,Basic Instinct,1992
2024-03-02,My Cousin Vinny,1992
2024-03-02,A League of Their Own,1992
2024-03-02,Glengarry Glen Ross,1992
2024-03-02,Sister Act,1992
2024-03-02,Reality Bites,1994
2024-03-02,White Men Can't Jump,1992
2024-03-02,The Bodyguard,1992
2024-03-02,The Mighty Ducks,1992
2024-03-02,Lethal Weapon 3,1992
2024-03-02,Beethoven,1992
2024-03-02,Bottle Rocket,1993
2024-03-02,El Mariachi,1992
2024-03-02,Patriot Games,1992
2024-03-02,Cool World,1992
2024-03-02,Sneakers,1992
2024-03-02,Singles,1992
2024-03-02,Under Siege,1992
2024-03-02,Dante's Peak,1997
2024-03-02,Volcano,1997
2024-03-02,Toys,1992
2024-03-02,Detroit Rock City,1999
2024-03-02,Passenger 57,1992
2024-03-02,Stop! Or My Mom Will Shoot,1992
2024-03-02,3 Ninjas,1992
2024-03-02,Forever Young,1992
2024-03-02,Unlawful Entry,1992
2024-03-02,Captain Ron,1992
2024-03-02,Ladybugs,1992
2024-03-02,Hero,1992
2024-03-02,Leap of Faith,1992
2024-03-02,Radio Flyer,1992
2024-03-02,Frosty Returns,1992
2024-03-02,Kuffs,1992
2024-03-02,"Double, Double, Toil and Trouble",1993
2024-03-02,Mr. Baseball,1992
2024-03-02,Mom and Dad Save the World,1992
2024-03-02,The Babe,1992
2024-03-02,Opportunity Knocks,1990
2024-03-02,Up,2009
2024-03-02,Tropic Thunder,2008
2024-03-02,Constantine,2005
2024-03-02,Miss Congeniality,2000
2024-03-02,Forgetting Sarah Marshall,2008
2024-03-02,"I, Robot",2004
2024-03-02,High Fidelity,2000
2024-03-02,The Day After Tomorrow,2004
2024-03-02,Hannibal,2001
2024-03-02,Rush Hour 2,2001
2024-03-02,One Hour Photo,2002
2024-03-02,Terminator 3: Rise of the Machines,2003
2024-03-02,Get Smart,2008
2024-03-02,Garfield,2004
2024-03-02,National Treasure: Book of Secrets,2007
2024-03-02,"I Love You, Man",2009
2024-03-02,Munich,2005
2024-03-02,Van Helsing,2004
2024-03-02,Miami Vice,2006
2024-03-02,Daredevil,2003
2024-03-02,Paul Blart: Mall Cop,2009
2024-03-02,Crash,2004
2024-03-02,The Italian Job,2003
2024-03-02,21,2008
2024-03-02,Rocky Balboa,2006
2024-03-02,Across the Universe,2007
2024-03-02,A Scanner Darkly,2006
2024-03-02,Identity,2003
2024-03-02,25th Hour,2002
2024-03-02,Phone Booth,2002
2024-03-02,Blow,2001
2024-03-02,You Don't Mess with the Zohan,2008
2024-03-02,Best in Show,2000
2024-03-02,Bad Boys II,2003
2024-03-02,Michael Clayton,2007
2024-03-02,The Final Destination,2009
2024-03-02,Disturbia,2007
2024-03-02,Terminator Salvation,2009
2024-03-02,Crank,2006
2024-03-02,The Illusionist,2006
2024-03-02,Superman Returns,2006
2024-03-02,Peter Pan,2003
2024-03-02,Wet Hot American Summer,2001
2024-03-02,The Longest Yard,2005
2024-03-02,"Legally Blonde 2: Red, White & Blonde",2003
2024-03-02,Serendipity,2001
2024-03-02,Die Another Day,2002
2024-03-02,Nick and Norah's Infinite Playlist,2008
2024-03-02,Before the Devil Knows You're Dead,2007
2024-03-02,Two Weeks Notice,2002
2024-03-02,Underworld,2003
2024-03-02,What Happens in Vegas,2008
2024-03-02,Charlie's Angels: Full Throttle,2003
2024-03-02,EuroTrip,2004
2024-03-02,Anger Management,2003
2024-03-02,Old School,2003
2024-03-02,The Ugly Truth,2009
2024-03-02,Role Models,2008
2024-03-02,The Pink Panther,2006
2024-03-02,Brüno,2009
2024-03-02,The Invention of Lying,2009
2024-03-02,The Family Stone,2005
2024-03-02,Bad Santa,2003
2024-03-02,Sweet Home Alabama,2002
2024-03-02,Christmas with the Kranks,2004
2024-03-02,Gone in Sixty Seconds,2000
2024-03-02,Ray,2004
2024-03-02,Just Friends,2005
2024-03-02,What Women Want,2000
2024-03-02,The Transporter,2002
2024-03-02,The Santa Clause 2,2002
2024-03-02,Four Christmases,2008
2024-03-02,Something's Gotta Give,2003
2024-03-02,Pitch Black,2000
2024-03-02,Little Nicky,2000
2024-03-02,Be Kind Rewind,2008
2024-03-02,American Wedding,2003
2024-03-02,The Number 23,2007
2024-03-02,Music and Lyrics,2007
2024-03-02,The Cell,2000
2024-03-02,Zack and Miri Make a Porno,2008
2024-03-02,Mr. Deeds,2002
2024-03-02,Valkyrie,2008
2024-03-02,Tinker Bell,2008
2024-03-02,Rambo,2008
2024-03-02,Kill Bill: The Whole Bloody Affair,2004
2024-03-02,Funny People,2009
2024-03-02,Maid in Manhattan,2002
2024-03-02,Dreamgirls,2006
2024-03-02,The League of Extraordinary Gentlemen,2003
2024-03-02,Matchstick Men,2003
2024-03-02,Charlotte's Web,2006
2024-03-02,Jay and Silent Bob Strike Back,2001
2024-03-02,The Time Traveler's Wife,2009
2024-03-02,Bedazzled,2000
2024-03-02,The Santa Clause 3: The Escape Clause,2006
2024-03-02,G.I. Joe: The Rise of Cobra,2009
2024-03-02,I Now Pronounce You Chuck & Larry,2007
2024-03-02,Failure to Launch,2006
2024-03-02,Bewitched,2005
2024-03-02,Waiting...,2005
2024-03-02,The Count of Monte Cristo,2002
2024-03-02,Queen of the Damned,2002
2024-03-02,Clerks II,2006
2024-03-02,The Little Mermaid II: Return to the Sea,2000
2024-03-02,Fun with Dick and Jane,2005
2024-03-02,Lara Croft: Tomb Raider – The Cradle of Life,2003
2024-03-02,About Schmidt,2002
2024-03-02,The Sweetest Thing,2002
2024-03-02,Green Street Hooligans,2005
2024-03-02,Once Upon a Time in Mexico,2003
2024-03-02,The Chronicles of Riddick,2004
2024-03-02,The Ladykillers,2004
2024-03-02,Confessions of a Dangerous Mind,2002
2024-03-02,xXx,2002
2024-03-02,The Family Man,2000
2024-03-02,Shadow of the Vampire,2000
2024-03-02,Super Troopers,2001
2024-03-02,My Bloody Valentine,2009
2024-03-02,Semi-Pro,2008
2024-03-02,Spy Game,2001
2024-03-02,The Benchwarmers,2006
2024-03-02,Transporter 2,2005
2024-03-02,The Scorpion King,2002
2024-03-02,Underworld: Evolution,2006
2024-03-02,The Gift,2000
2024-03-02,Death Race,2008
2024-03-02,Couples Retreat,2009
2024-03-02,Eagle Eye,2008
2024-03-02,Alexander,2004
2024-03-02,The Legend of Zorro,2005
2024-03-02,Gamer,2009
2024-03-02,Save the Last Dance,2001
2024-03-02,Deck the Halls,2006
2024-03-02,Baby Mama,2008
2024-03-02,Swordfish,2001
2024-03-02,Just Married,2003
2024-03-02,Unfaithful,2002
2024-03-02,Cinderella III: A Twist in Time,2007
2024-03-02,The Black Dahlia,2006
2024-03-02,Tinker Bell and the Lost Treasure,2009
2024-03-02,King Arthur,2004
2024-03-02,Next,2007
2024-03-02,Last Holiday,2006
2024-03-02,Push,2009
2024-03-02,Rumor Has It...,2005
2024-03-02,The Core,2003
2024-03-02,The Whole Nine Yards,2000
2024-03-02,Along Came a Spider,2001
2024-03-02,The Life of David Gale,2003
2024-03-02,Joy Ride,2001
2024-03-02,Æon Flux,2005
2024-03-02,Return to Never Land,2002
2024-03-02,Punisher: War Zone,2008
2024-03-02,Fred Claus,2007
2024-03-02,S.W.A.T.,2003
2024-03-02,Underworld: Rise of the Lycans,2009
2024-03-02,Cinderella II: Dreams Come True,2002
2024-03-02,Transporter 3,2008
2024-03-02,The Mexican,2001
2024-03-02,Fool's Gold,2008
2024-03-02,Where the Heart Is,2000
2024-03-02,Frequency,2000
2024-03-02,Hitman,2007
2024-03-02,102 Dalmatians,2000
2024-03-02,Joe Dirt,2001
2024-03-02,Fever Pitch,2005
2024-03-02,Monster's Ball,2001
2024-03-02,The 6th Day,2000
2024-03-02,The Producers,2005
2024-03-02,Death to Smoochy,2002
2024-03-02,Good Luck Chuck,2007
2024-03-02,Home Alone 4,2002
2024-03-02,Ultraviolet,2006
2024-03-02,The Heartbreak Kid,2007
2024-03-02,Paycheck,2003
2024-03-02,The Pink Panther 2,2009
2024-03-02,Sahara,2005
2024-03-02,Mr. Brooks,2007
2024-03-02,The Bank Job,2008
2024-03-02,Murder by Numbers,2002
2024-03-02,Premonition,2007
2024-03-02,Orange County,2002
2024-03-02,"You, Me and Dupree",2006
2024-03-02,Surrogates,2009
2024-03-02,Runaway Jury,2003
2024-03-02,Vantage Point,2008
2024-03-02,Max Payne,2008
2024-03-02,The Little Mermaid: Ariel's Beginning,2008
2024-03-02,Ghost Town,2008
2024-03-02,Analyze That,2002
2024-03-02,The Majestic,2001
2024-03-02,Employee of the Month,2006
2024-03-02,The Dukes of Hazzard,2005
2024-03-02,Ninja Assassin,2009
2024-03-02,This Is It,2009
2024-03-02,40 Days and 40 Nights,2002
2024-03-02,The Recruit,2003
2024-03-02,The Glass House,2001
2024-03-02,Mickey's Twice Upon a Christmas,2004
2024-03-02,Heist,2001
2024-03-02,Heartbreakers,2001
2024-03-02,Righteous Kill,2008
2024-03-02,Boiler Room,2000
2024-03-02,All About Steve,2009
2024-03-02,America's Sweethearts,2001
2024-03-02,Extract,2009
2024-03-02,Dracula 2000,2000
2024-03-02,The Rocker,2008
2024-03-02,Guess Who,2005
2024-03-02,Bandits,2001
2024-03-02,The Bishop's Wife,1947
2024-03-02,"Me, Myself & Irene",2000
2024-03-02,Shallow Hal,2001
2024-03-02,Secret Window,2004
2024-03-02,Seven Pounds,2008
2024-03-02,Coyote Ugly,2000
2024-03-02,Planet of the Apes,2001
2024-03-02,The Hot Chick,2002
2024-03-02,Law Abiding Citizen,2009
2024-03-02,"Definitely, Maybe",2008
2024-03-02,Fracture,2007
2024-03-02,"Dude, Where's My Car?",2000
2024-03-02,Along Came Polly,2004
2024-03-02,Blade: Trinity,2004
2024-03-02,The Lake House,2006
2024-03-02,The Mummy: Tomb of the Dragon Emperor,2008
2024-03-02,Snakes on a Plane,2006
2024-03-02,Finding Neverland,2004
2024-03-02,The Punisher,2004
2024-03-02,Starsky & Hutch,2004
2024-03-02,The Stepford Wives,2004
2024-03-02,What Lies Beneath,2000
2024-03-02,Crank: High Voltage,2009
2024-03-02,Rat Race,2001
2024-03-02,Southland Tales,2006
2024-03-02,Ghosts of Girlfriends Past,2009
2024-03-02,Miss Congeniality 2: Armed and Fabulous,2005
2024-03-02,Love & Basketball,2000
2024-03-02,Evolution,2001
2024-03-02,Four Brothers,2005
2024-03-02,Road Trip,2000
2024-03-02,The Day the Earth Stood Still,2008
2024-03-02,Smokin' Aces,2006
2024-03-02,State of Play,2009
2024-03-02,Shoot 'Em Up,2007
2024-03-02,28 Days,2000
2024-03-02,Pay It Forward,2000
2024-03-02,The Score,2001
2024-03-02,Wild Hogs,2007
2024-03-02,Jersey Girl,2004
2024-03-02,Pieces of April,2003
2024-03-02,The Weather Man,2005
2024-03-02,Cellular,2004
2024-03-02,National Lampoon's Van Wilder,2002
2024-03-02,The Replacements,2000
2024-03-02,The Painted Veil,2006
2024-03-02,Unleashed,2005
2024-03-02,Dr. Horrible's Sing-Along Blog,2008
2024-03-02,Walking Tall,2004
2024-03-02,The Way of the Gun,2000
2024-03-02,Windtalkers,2002
2024-03-02,Beerfest,2006
2024-03-02,Because I Said So,2007
2024-03-02,Don't Say a Word,2001
2024-03-02,Stuck on You,2003
2024-03-02,Vertical Limit,2000
2024-03-02,War,2007
2024-03-02,Reindeer Games,2000
2024-03-02,Keeping the Faith,2000
2024-03-02,Be Cool,2005
2024-03-02,Catch and Release,2006
2024-03-02,Deuce Bigalow: European Gigolo,2005
2024-03-02,Hardball,2001
2024-03-02,Bad News Bears,2005
2024-03-02,Havoc,2005
2024-03-02,Changing Lanes,2002
2024-03-02,License to Wed,2007
2024-03-02,The Rookie,2002
2024-03-02,The International,2009
2024-03-02,The Legend of Bagger Vance,2000
2024-03-02,Dungeons & Dragons,2000
2024-03-02,Choke,2008
2024-03-02,National Security,2003
2024-03-02,S1m0ne,2002
2024-03-02,Rock Star,2001
2024-03-02,Basic,2003
2024-03-02,Hollywoodland,2006
2024-03-02,Duplicity,2009
2024-03-02,Swimfan,2002
2024-03-02,3000 Miles to Graceland,2001
2024-03-02,Return to Me,2000
2024-03-02,Derailed,2005
2024-03-02,88 Minutes,2007
2024-03-02,Life or Something Like It,2002
2024-03-02,Stealth,2005
2024-03-02,Two for the Money,2005
2024-03-02,Firewall,2006
2024-03-02,Pride and Glory,2008
2024-03-02,Breach,2007
2024-03-02,Driven,2001
2024-03-02,Everyone's Hero,2006
2024-03-02,The Whole Ten Yards,2004
2024-03-02,Proof of Life,2000
2024-03-02,The Skulls,2000
2024-03-02,Hollywood Homicide,2003
2024-03-02,Mr. Woodcock,2007
2024-03-02,My Boss's Daughter,2003
2024-03-02,Mad Money,2008
2024-03-02,Bad Company,2002
2024-03-02,The Matador,2005
2024-03-02,Exit Wounds,2001
2024-03-02,D-Tox,2002
2024-03-02,15 Minutes,2001
2024-03-02,Hart's War,2002
2024-03-02,Holiday in Handcuffs,2007
2024-03-02,The Last Kiss,2006
2024-03-02,Get Carter,2000
2024-03-02,Dickie Roberts: Former Child Star,2003
2024-03-02,Ready to Rumble,2000
2024-03-02,Down to Earth,2001
2024-03-02,Antitrust,2001
2024-03-02,Bounce,2000
2024-03-02,Reservation Road,2007
2024-03-02,Summer Catch,2001
2024-03-02,Pathology,2008
2024-03-02,Under Suspicion,2000
2024-03-02,School for Scoundrels,2006
2024-03-02,The Slammin' Salmon,2009
2024-03-02,The Ladies Man,2000
2024-03-02,61*,2001
2024-03-02,Ninja,2009
2024-03-02,Mickey's Magical Christmas: Snowed in at the House of Mouse,2001
2024-03-02,Stealing Harvard,2002
2024-03-02,Mr. 3000,2004
2024-03-02,Leaves of Grass,2009
2024-03-02,Love in the Time of Cholera,2007
2024-03-02,The Brothers Solomon,2007
2024-03-02,Lucky Numbers,2000
2024-03-02,Confidence,2003
2024-03-02,A Guy Thing,2003
2024-03-02,Swing Vote,2008
2024-03-02,The Upside of Anger,2005
2024-03-02,Serving Sara,2002
2024-03-02,Knockaround Guys,2001
2024-03-02,The Ex,2006
2024-03-02,Annapolis,2006
2024-03-02,Tomcats,2001
2024-03-02,Little Women,2019
2024-03-02,Justice League,2017
2024-03-02,Rise of the Planet of the Apes,2011
2024-03-02,Jurassic World: Fallen Kingdom,2018
2024-03-02,World War Z,2013
2024-03-02,The Twilight Saga: Breaking Dawn – Part 2,2012
2024-03-02,Pitch Perfect 2,2015
2024-03-02,Fast Five,2011
2024-03-02,In Time,2011
2024-03-02,The Intern,2015
2024-03-02,Rush,2013
2024-03-02,The Founder,2016
2024-03-02,Lincoln,2012
2024-03-02,The Town,2010
2024-03-02,The Fighter,2010
2024-03-02,Horrible Bosses,2011
2024-03-02,Don Jon,2013
2024-03-02,Flight,2012
2024-03-02,6 Underground,2019
2024-03-02,Jack Reacher,2012
2024-03-02,Valentine's Day,2010
2024-03-02,Terminator: Dark Fate,2019
2024-03-02,Last Christmas,2019
2024-03-02,Fighting with My Family,2019
2024-03-02,Tomorrowland,2015
2024-03-02,San Andreas,2015
2024-03-02,Transformers: The Last Knight,2017
2024-03-02,Guns Akimbo,2019
2024-03-02,Circle,2015
2024-03-02,Allegiant,2016
2024-03-02,King Arthur: Legend of the Sword,2017
2024-03-02,Rampage,2018
2024-03-02,Final Destination 5,2011
2024-03-02,Due Date,2010
2024-03-02,Jason Bourne,2016
2024-03-02,The Internship,2013
2024-03-02,Isn't It Romantic,2019
2024-03-02,Burnt,2015
2024-03-02,Bad Teacher,2011
2024-03-02,Terminator Genisys,2015
2024-03-02,A Nightmare on Elm Street,2010
2024-03-02,The BFG,2016
2024-03-02,Neighbors 2: Sorority Rising,2016
2024-03-02,Salt,2010
2024-03-02,Ender's Game,2013
2024-03-02,RED,2010
2024-03-02,The Heat,2013
2024-03-02,Jack and Jill,2011
2024-03-02,This Is 40,2012
2024-03-02,Hot Tub Time Machine,2010
2024-03-02,Daddy's Home,2015
2024-03-02,The Ides of March,2011
2024-03-02,The Lone Ranger,2013
2024-03-02,Watchmen,2019
2024-03-02,The Hustle,2019
2024-03-02,Cowboys & Aliens,2011
2024-03-02,Batman: The Killing Joke,2016
2024-03-02,Safety Not Guaranteed,2012
2024-03-02,Knight and Day,2010
2024-03-02,Olympus Has Fallen,2013
2024-03-02,The Bourne Legacy,2012
2024-03-02,Horrible Bosses 2,2014
2024-03-02,Dirty Grandpa,2016
2024-03-02,Skyscraper,2018
2024-03-02,Independence Day: Resurgence,2016
2024-03-02,The Circle,2017
2024-03-02,Arthur Christmas,2011
2024-03-02,Love & Mercy,2014
2024-03-02,Date Night,2010
2024-03-02,Devil,2010
2024-03-02,Zoolander 2,2016
2024-03-02,Robin Hood,2010
2024-03-02,Between Two Ferns: The Movie,2019
2024-03-02,Super,2010
2024-03-02,That's My Boy,2012
2024-03-02,The Christmas Chronicles,2018
2024-03-02,Vacation,2015
2024-03-02,Descendants,2015
2024-03-02,Unstoppable,2010
2024-03-02,Margin Call,2011
2024-03-02,42,2013
2024-03-02,Movie 43,2013
2024-03-02,Sleeping with Other People,2015
2024-03-02,The Green Hornet,2011
2024-03-02,Lawless,2012
2024-03-02,300: Rise of an Empire,2014
2024-03-02,Jim & Andy: The Great Beyond,2017
2024-03-02,Dumb and Dumber To,2014
2024-03-02,Identity Thief,2013
2024-03-02,A Wrinkle in Time,2018
2024-03-02,The Judge,2014
2024-03-02,Life As We Know It,2010
2024-03-02,London Has Fallen,2016
2024-03-02,Night of the Living Dead,1968
2024-03-03,The Beekeeper,2024
2024-03-03,The Expendables,2010
2024-03-03,Bad Boys for Life,2020
2024-03-03,The Equalizer 2,2018
2024-03-03,Lara Croft: Tomb Raider,2001
2024-03-03,Teenage Mutant Ninja Turtles,2014
2024-03-03,Jumper,2008
2024-03-03,Operation Fortune: Ruse de Guerre,2023
2024-03-03,Ghosted,2023
2024-03-03,Live Free or Die Hard,2007
2024-03-03,Plane,2023
2024-03-03,DC League of Super-Pets,2022
2024-03-03,Sin City: A Dame to Kill For,2014
2024-03-03,Machete,2010
2024-03-03,Spider-Man: Beyond the Spider-Verse,2027
2024-03-03,Shooter,2007
2024-03-03,The A-Team,2010
2024-03-03,Buffy the Vampire Slayer,1992
2024-03-03,The Expendables 3,2014
2024-03-03,Total Recall,2012
2024-03-03,Jack Reacher: Never Go Back,2016
2024-03-03,Geostorm,2017
2024-03-03,The Crazies,2010
2024-03-03,30 Minutes or Less,2011
2024-03-03,Rambo: Last Blood,2019
2024-03-03,Escape Plan,2013
2024-03-03,Taken 3,2014
2024-03-03,Abraham Lincoln: Vampire Hunter,2012
2024-03-03,Den of Thieves,2018
2024-03-03,Tower Heist,2011
2024-03-03,Battleship,2012
2024-03-03,Descendants 2,2017
2024-03-03,Bloodshot,2020
2024-03-03,Shotgun Wedding,2022
2024-03-03,Need for Speed,2014
2024-03-03,G.I. Joe: Retaliation,2013
2024-03-03,The Lego Ninjago Movie,2017
2024-03-03,Heart of Stone,2023
2024-03-03,Riddick,2013
2024-03-03,Ava,2020
2024-03-03,Angel Has Fallen,2019
2024-03-03,Snake Eyes: G.I. Joe Origins,2021
2024-03-03,Stuber,2019
2024-03-03,Pan,2015
2024-03-03,Mr. Right,2015
2024-03-03,Haywire,2011
2024-03-03,The Bounty Hunter,2010
2024-03-03,xXx: Return of Xander Cage,2017
2024-03-03,Expend4bles,2023
2024-03-03,The Three Musketeers,2011
2024-03-03,The Mechanic,2011
2024-03-03,Jack Ryan: Shadow Recruit,2014
2024-03-03,The Last Stand,2013
2024-03-03,Killers,2010
2024-03-03,Underworld: Awakening,2012
2024-03-03,The Rundown,2003
2024-03-03,Samaritan,2022
2024-03-03,The Happytime Murders,2018
2024-03-03,The Girl in the Spider's Web,2018
2024-03-03,Abduction,2011
2024-03-03,Homefront,2013
2024-03-03,Peppermint,2018
2024-03-03,Drive Angry,2011
2024-03-03,Underworld: Blood Wars,2016
2024-03-03,Man on a Ledge,2012
2024-03-03,Hot Pursuit,2015
2024-03-03,Safe,2012
2024-03-03,Parker,2013
2024-03-03,Cop Out,2010
2024-03-03,Repo Men,2010
2024-03-03,Killer Elite,2011
2024-03-03,Faster,2010
2024-03-03,Snitch,2013
2024-03-03,3 Days to Kill,2014
2024-03-03,Role Play,2023
2024-03-03,Superman II: The Richard Donner Cut,2006
2024-03-03,Hummingbird,2013
2024-03-03,Wild Card,2015
2024-03-03,Bullet to the Head,2012
2024-03-03,The Peacemaker,1997
2024-03-03,Blitz,2011
2024-03-03,The November Man,2014
2024-03-03,Bangkok Dangerous,2008
2024-03-03,One for the Money,2012
2024-03-03,Paradise Alley,1978
2024-03-03,A Man Apart,2003
2024-03-03,Whiteout,2009
2024-03-03,Dazed and Confused,1993
2024-03-03,Nightmare Alley,2021
2024-03-03,Purple Hearts,2022
2024-03-03,Saving Mr. Banks,2013
2024-03-03,Being the Ricardos,2021
2024-03-03,Thank You for Smoking,2005
2024-03-03,The Lincoln Lawyer,2011
2024-03-03,Lucky Number Slevin,2006
2024-03-03,Ali,2001
2024-03-03,I Love You Phillip Morris,2009
2024-03-03,Late Night,2019
2024-03-03,The Highwaymen,2019
2024-03-03,The Switch,2010
2024-03-03,Annie,2014
2024-03-03,Hearts Beat Loud,2018
2024-03-03,I Wanna Dance with Somebody,2022
2024-03-03,Hitchcock,2012
2024-03-03,What to Expect When You're Expecting,2012
2024-03-03,Our Idiot Brother,2011
2024-03-03,Mississippi Grind,2015
2024-03-03,Draft Day,2014
2024-03-03,Somebody I Used to Know,2023
2024-03-03,The Next Three Days,2010
2024-03-03,Mr. Holmes,2015
2024-03-03,A Christmas Story Christmas,2022
2024-03-03,The American,2010
2024-03-03,Table 19,2017
2024-03-03,School Ties,1992
2024-03-03,Wall Street: Money Never Sleeps,2010
2024-03-03,The Great Gatsby,1974
2024-03-03,Everything Must Go,2010
2024-03-03,Going the Distance,2010
2024-03-03,Turbo,2013
2024-03-03,Bedtime Stories,2008
2024-03-03,Trolls World Tour,2020
2024-03-03,Noelle,2019
2024-03-03,Dora and the Lost City of Gold,2019
2024-03-03,YES DAY,2021
2024-03-03,Secret of the Wings,2012
2024-03-03,Newsies,1992
2024-03-03,Descendants 3,2019
2024-03-03,The Christmas Chronicles: Part Two,2020
2024-03-03,Home Sweet Home Alone,2021
2024-03-03,The Princess Switch: Switched Again,2020
2024-03-03,Tinker Bell and the Pirate Fairy,2014
2024-03-03,8-Bit Christmas,2021
2024-03-03,Love the Coopers,2015
2024-03-03,Tinker Bell and the Legend of the NeverBeast,2014
2024-03-03,Frozen Fever,2015
2024-03-03,Jingle Jangle: A Christmas Journey,2020
2024-03-03,A Castle for Christmas,2021
2024-03-03,The Holiday Calendar,2018
2024-03-03,A Christmas Prince: The Royal Baby,2019
2024-03-03,Mickey's House of Villains,2002
2024-03-03,Mulan,2020
2024-03-03,Jungle Cruise,2021
2024-03-03,The Night Before,2015
2024-03-03,The Expendables 2,2012
2024-03-03,The Last Witch Hunter,2015
2024-03-03,Madame Web,2024
2024-03-03,Self Reliance,2023
2024-03-03,The Out-Laws,2023
2024-03-03,Old Dads,2023
2024-03-03,EXmas,2023
2024-03-03,About My Father,2023
2024-03-03,She Came to Me,2023
2024-03-03,Sly,2023
2024-03-03,Kaleidoscope,2023
2024-03-03,Now and Then - The Last Beatles Song,2023
2024-03-03,What Happens Later,2023
2024-03-03,History of the World: Part II,2023
2024-03-03,The Long Dumb Road,2018
2024-03-03,The Wrong Missy,2020
2024-03-03,Ass Backwards,2013
2024-03-03,Origin Story,2018
2024-03-03,Grudge Match,2013
2024-03-03,Shade,2003
2024-03-03,Avenging Angelo,2002
2024-03-03,Stone,2010
2024-03-03,Down in the Valley,2005
2024-03-03,After the Sunset,2004
2024-03-03,Exploring the Set of 'Moonrise Kingdom',2015
2024-03-03,The Color of Money,1986
2024-03-03,Val,2021
2024-03-03,Rock of Ages,2012
2024-03-03,The Tourist,2010
2024-03-03,Yoga Hosers,2016
2024-03-03,Mortdecai,2015
2024-03-03,Mechanic: Resurrection,2016
2024-03-03,Chaos,2005
2024-03-03,Locked Down,2021
2024-03-03,The House,2017
2024-03-03,They Came Together,2014
2024-03-03,The Adjustment Bureau,2011
2024-03-03,The Incredible Burt Wonderstone,2013
2024-03-03,Falling for Christmas,2022
2024-03-03,Senior Year,2022
2024-03-03,Spirited,2022
2024-03-03,Love Hard,2021
2024-03-03,Hitman's Wife's Bodyguard,2021
2024-03-03,Reminiscence,2021
2024-03-03,Single All the Way,2021
2024-03-03,Coming 2 America,2021
2024-03-03,Seaspiracy,2021
2024-03-03,The Protégé,2021
2024-03-03,The Princess Switch 3: Romancing the Star,2021
2024-03-03,Jagged,2021
2024-03-03,"Tom Petty, Somewhere You Feel Free",2021
2024-03-03,Mistletoe Mixup,2021
2024-03-03,Swept Away,2002
2024-03-03,Body of Evidence,1993
2024-03-03,The Princess Switch,2018
2024-03-03,A Bad Moms Christmas,2017
2024-03-03,12 Dates of Christmas,2011
2024-03-03,Happy Christmas,2014
2024-03-03,Office Christmas Party,2016
2024-03-03,A Christmas Prince: The Royal Wedding,2018
2024-03-03,A Christmas Prince,2017
2024-03-03,All Is Bright,2013
2024-03-03,Bad Santa 2,2016
2024-03-03,Christmas with the Campbells,2022
2024-03-03,A Christmas Story 2,2012
2024-03-03,Surviving Christmas,2004
2024-03-03,A Very Harold & Kumar Christmas,2011
2024-03-03,A Merry Friggin' Christmas,2014
2024-03-03,Knock Knock,2015
2024-03-03,Bill & Ted Face the Music,2020
2024-03-03,Man of Tai Chi,2013
2024-03-03,"Blood Lines: Dracula - The Man, The Myth, The Movies",1992
2024-03-03,Willy's Wonderland,2021
2024-03-03,Snowmance,2017
2024-03-03,12 Pups of Christmas,2019
2024-03-03,Bad Ass,2012
2024-03-03,A Very Nutty Christmas,2018
2024-03-03,The Knight Before Christmas,2019
2024-03-03,Love on a Leash,2011
2024-03-03,The Sword in the Stone,1963
2024-03-03,American Pie 2,2001
2024-03-03,Friends: The Reunion,2021
2024-03-03,A Very Merry Toy Store,2017
2024-03-03,The Santa Con,2014
2024-03-03,Haul Out the Holly,2022
2024-03-03,Thunderball,1965
2024-03-03,You Only Live Twice,1967
2024-03-03,On Her Majesty's Secret Service,1969
2024-03-03,The Break-Up,2006
2024-03-03,The Change-Up,2011
2024-03-03,The Catcher Was a Spy,2018
2024-03-03,The Final Season,2007
2024-03-03,Long Gone Summer,2020
2024-03-03,Trouble with the Curve,2012
2024-03-03,Fastball,2016
2024-03-03,Bang the Drum Slowly,1973
2024-03-03,Holmes & Watson,2018
2024-03-03,The Ridiculous 6,2015
2024-03-03,The Do-Over,2016
2024-03-03,The Cobbler,2014
2024-03-03,Sandy Wexler,2017
2024-03-03,Adam Sandler: 100% Fresh,2018
2024-03-03,Mike and Dave Need Wedding Dates,2016
2024-03-03,Drinking Buddies,2013
2024-03-03,Get a Job,2016
2024-03-03,"Alice, Darling",2022
2024-03-03,Miss Meadows,2014
2024-03-03,Alone Together,2022
2024-03-03,Deep Water,2022
2024-03-03,The Overnight,2015
2024-03-03,The Spy Who Dumped Me,2018
2024-03-03,Luckiest Girl Alive,2022
2024-03-04,Encino Man,1992
2024-03-04,Of Mice and Men,1992
2024-03-04,FernGully: The Last Rainforest,1992
2024-03-05,Napoleon,2023
2024-03-08,Road House 2: Last Call,2006
2024-03-10,Poor Things,2023
2024-03-11,Anyone But You,2023
2024-03-13,The Menu,2022
2024-03-15,The Voyeurs,2021
2024-03-16,Cocaine Bear,2023
2024-03-16,Mad Max: Fury Road,2015
2024-03-16,Basic Instinct 2,2006
2024-03-17,Anatomy of a Murder,1959
2024-03-17,Taken 2,2012
2024-03-17,Daylight,1996
2024-03-22,Road House,2024
2024-03-24,Where the Crawdads Sing,2022
2024-03-25,Sisters,2015
2024-03-30,The Equalizer 3,2023
2024-03-30,SuperBob,2015
2024-03-31,First Daughter,2004
2024-04-01,Ghostbusters: Frozen Empire,2024
2024-04-01,Ferdinand,2017
2024-04-01,Enemy at the Gates,2001
2024-04-01,Peter Rabbit,2018
2024-04-01,Hollow Man,2000
2024-04-01,Mr. Nice Guy,1997
2024-04-01,Final Fantasy: The Spirits Within,2001
2024-04-01,The Musketeer,2001
2024-04-01,Spirit: Stallion of the Cimarron,2002
2024-04-01,Nothing Like the Holidays,2008
2024-04-01,The Ninth Gate,1999
2024-04-01,Minions,2015
2024-04-01,Home,2015
2024-04-02,Non-Stop,2014
2024-04-02,Mr. Peabody & Sherman,2014
2024-04-02,RED 2,2013
2024-04-02,Snow White and the Huntsman,2012
2024-04-02,We Own the Night,2007
2024-04-02,American Reunion,2012
2024-04-02,O,2001
2024-04-02,Ice Age: Continental Drift,2012
2024-04-02,Lord of War,2005
2024-04-02,The Hunted,2003
2024-04-02,Despicable Me 2,2013
2024-04-02,Hotel Transylvania 2,2015
2024-04-02,A Good Day to Die Hard,2013
2024-04-02,Madagascar 3: Europe's Most Wanted,2012
2024-04-02,Quest for Camelot,1998
2024-04-02,Romeo Must Die,2000
2024-04-02,2 Days in Paris,2007
2024-04-02,Domestic Disturbance,2001
2024-04-02,High Crimes,2002
2024-04-03,Mission to Mars,2000
2024-04-03,Showtime,2002
2024-04-03,Angels & Demons,2009
2024-04-03,Knowing,2009
2024-04-03,The Uninvited,2009
2024-04-03,"Crouching Tiger, Hidden Dragon",2000
2024-04-03,Saw 3D,2010
2024-04-03,New in Town,2009
2024-04-07,Fear the Night,2023
2024-04-17,The Greatest Hits,2024
2024-05-03,The Idea of You,2024
2024-05-10,Mother of the Bride,2024
2024-05-26,"Standing Up, Falling Down",2019
2024-06-03,The Man Who Knew Too Much,1956
2024-06-15,Hit Man,2023
2024-06-15,Remembering Gene Wilder,2023
2024-06-29,The Fall Guy,2024
2024-07-13,His Girl Friday,1940
2024-07-13,Strangers on a Train,1951
2024-07-13,Suspicion,1941
2024-07-14,Topaz,1969
2024-07-14,Clerks III,2022
2024-07-14,Witness for the Prosecution,1957
2024-07-14,Family Plot,1976
2024-07-15,Mr. Monk's Last Case: A Monk Movie,2023
2024-07-15,Money Monster,2016
2024-07-16,Descendants: The Rise of Red,2024
2024-07-16,Working Girl,1988
2024-07-20,Twisters,2024
2024-07-29,Deadpool & Wolverine,2024
2024-08-02,About Last Night...,1986
2024-08-16,The Pink Panther,1963
2024-08-18,Hard Target,1993
2024-09-03,Beautiful Disaster,2023
2024-09-03,Rough Night,2017
2024-09-15,The Iron Claw,2023
2024-09-21,Dream Scenario,2023
2024-10-14,Sunset Boulevard,1950
2024-10-20,Woman of the Hour,2023
2024-11-02,"Crazy, Stupid, Love.",2011
2024-11-04,Venom: The Last Dance,2024
2024-11-11,My Old Ass,2024
2024-11-16,Red One,2024
2024-11-18,The Masterpiece,2023
2024-11-18,Essex Girls,2023
2024-11-18,Bug Diner,2024
2024-11-18,Alok,2024
2024-11-18,Dream Creep,2024
2024-11-18,Pathological,2024
2024-11-18,Pisko the Crab Child Is in Love,2023
2024-11-19,Gleaming the Cube,1989
2024-11-22,Challengers,2024
2024-11-22,Civil War,2024
2024-11-23,Silent Night,2021
2024-11-25,Brothers,2024
2024-11-25,The 4:30 Movie,2024
2024-11-26,Harvey,1950
2024-11-29,The Christmas Dragon,2014
2024-11-30,The Flight Before Christmas,2015
2024-11-30,The Santa Stakeout,2021
2024-11-30,A Christmas Movie Christmas,2019
2024-12-01,Almost Christmas,2016
2024-12-02,Christmas in Notting Hill,2023
2024-12-02,Haul Out the Holly: Lit Up,2023
2024-12-02,The Christmas Break,2023
2024-12-03,A Kismet Christmas,2022
2024-12-05,The Holiday Fix Up,2021
2024-12-07,A Christmas Switch,2018
2024-12-07,The Man Who Invented Christmas,2017
2024-12-07,Our Little Secret,2024
2024-12-13,Christmas Mail,2010
2024-12-15,Reporting for Christmas,2023
2024-12-16,Hot Frosty,2024
2024-12-16,A Christmas Carol,1938
2024-12-17,Father Christmas Is Back,2021
2024-12-17,The 12 Days of Christmas Eve,2022
2024-12-21,Your Christmas or Mine?,2022
2024-12-30,Your Christmas or Mine 2,2023
2025-01-03,Juror #2,2024
2025-01-05,Carry-On,2024
2025-01-06,Sonic the Hedgehog 3,2024
2025-01-12,Wolfs,2024
2025-01-18,Magnolia,1999
2025-01-21,Pain Hustlers,2023
2025-01-27,Flight Risk,2025
2025-01-28,Charade,1963
2025-02-01,To Catch a Thief,1955
2025-02-03,The Killing of a Sacred Deer,2017
2025-02-10,The Substance,2024
2025-02-21,The Postman Always Rings Twice,1946
2025-02-23,Captain America: Brave New World,2025
2025-03-01,You're Cordially Invited,2025
2025-03-12,Boss Level,2021
2025-03-13,The Ministry of Ungentlemanly Warfare,2024
2025-03-15,Joker: Folie à Deux,2024
2025-03-17,Gladiator II,2024
2025-03-17,Wicked,2024
2025-03-22,The Conversation,1974
2025-03-24,Touch of Evil,1958
2025-03-27,Anora,2024
2025-03-31,A Complete Unknown,2024
2025-04-07,A Working Man,2025
2025-04-07,The Life List,2025
2025-04-11,Passengers,2016
2025-04-24,Conclave,2024
2025-04-28,Companion,2025
2025-05-03,This Is Spinal Tap,1984
2025-05-03,The Accountant²,2025
2025-05-03,Thunderbolts*,2025
2025-05-05,Babygirl,2024
2025-05-18,Another Simple Favor,2025
2025-05-26,Mission: Impossible – The Final Reckoning,2025
2025-05-29,Friendship,2024
2025-06-06,Ballerina,2025
2025-06-06,The Importance of Being Earnest,2002
2025-06-23,Bride Hard,2025
2025-07-03,Volunteers,1985
2025-07-06,Jurassic World Rebirth,2025
2025-07-09,Hamilton,2020
2025-07-19,F1,2025
2025-07-22,Superman,2025
2025-07-26,The Fantastic 4: First Steps,2025
2025-07-28,Happy Gilmore 2,2025
2025-08-04,Showgirls,1995
2025-08-16,Nonnas,2025
2025-08-17,Network,1976
2025-08-17,Secretary,2002
2025-08-18,The Insider,1999
2025-08-25,Fountain of Youth,2025
2025-08-30,Nobody 2,2025
2025-09-02,Fly Me to the Moon,2024
2025-09-02,Broadcast News,1987
2025-09-08,The Last Seduction,1994
2025-09-08,Dr. Strangelove or: How I Learned to Stop Worrying and Love the Bomb,1964
2025-09-09,Rebecca,1940
2025-09-09,The Philadelphia Story,1940
2025-09-13,Some Like It Hot,1959
2025-09-14,Fight or Flight,2024
2025-09-15,Casablanca,1942
2025-09-15,Americana,2023
2025-09-16,Dead Poets Society,1989
2025-09-16,Novocaine,2025
2025-09-19,The Apartment,1960
2025-09-20,It Happens Every Spring,1949
2025-10-20,G20,2025
2025-11-01,The Rocky Horror Picture Show,1975
2025-11-01,Haunted Mansion,2023
2025-11-05,Bugonia,2025
2025-11-05,Regretting You,2025
2025-11-05,Good Fortune,2025
2025-11-19,The Oath,2018
2025-11-21,Krisha,2015
2025-11-22,Chef,2014
2025-11-22,Hannah and Her Sisters,1986
2025-11-23,Now You See Me: Now You Don't,2025
2025-11-25,After the Hunt,2025
2025-11-27,Wicked: For Good,2025
2025-11-29,Jingle Bell Heist,2025
2025-12-04,The Heist Before Christmas,2023
2025-12-04,The Running Man,2025
2025-12-06,Santa Bootcamp,2022
2025-12-07,Dear Santa,2024
2025-12-08,The Best Christmas Pageant Ever,2024
2025-12-09,Marry Christmas,2024
2025-12-11,Merry Kissmas,2015
2025-12-14,Wake Up Dead Man,2025
2025-12-16,The Christmas Contract,2018
2025-12-19,A Sprinkle of Christmas,2024
2025-12-20,Peter Pan Goes Wrong,2016
2025-12-21,Oh. What. Fun.,2025
2025-12-21,A Merry Little Ex-Mas,2025
2025-12-21,No Sleep 'Til Christmas,2018
2026-01-06,Jay Kelly,2025
2026-01-07,Caught Stealing,2025
2026-01-10,Mean Girls,2024
2026-01-15,Saturday Night,2024
2026-01-16,Den of Thieves 2: Pantera,2025
2026-01-17,Honest Thief,2020
2026-01-17,The Woman in Cabin 10,2025
2026-01-19,The Luckiest Man in America,2024
2026-01-26,It Ends with Us,2024
2026-01-26,Death on the Nile,2022
2026-01-30,Springsteen: Deliver Me from Nowhere,2025
2026-01-30,Riff Raff,2024
2026-02-02,The Picture of Dorian Gray,1945
2026-02-03,One Battle After Another,2025
2026-02-05,The Housemaid,2025
2026-02-06,If I Had Legs I'd Kick You,2025
2026-02-11,See How They Run,2022
2026-02-13,Weapons,2025
2026-02-15,Love Hurts,2025
2026-02-22,Ella McCay,2025
2026-02-23,A Haunting in Venice,2023
2026-03-01,Sinners,2025
2026-03-04,The Smashing Machine,2025
2026-03-09,The Bluff,2026
2026-03-12,Is This Thing On?,2025
2026-03-12,About Fate,2022
2026-03-15,One Flew Over the Cuckoo's Nest,1975
2026-03-19,The Naked Gun,2025
2026-03-24,Annie Hall,1977
2026-04-04,Shelter,2026
2026-04-04,Babylon,2022
2026-04-05,The Super Mario Galaxy Movie,2026
2026-04-05,Anaconda,2025
2026-04-06,Bad Times at the El Royale,2018
2026-04-08,The Drama,2026
2026-04-08,Project Hail Mary,2026
2026-04-12,Mike & Nick & Nick & Alice,2026
2026-04-14,War Machine,2026
2026-04-15,The Great Waldo Pepper,1975
2026-04-22,Honey Don't!,2025
2026-04-25,Normal,2025
2026-04-26,The Rip,2026
2026-04-26,Ex Machina,2015
2026-04-27,Y Tu Mamá También,2001
2026-05-03,The Devil Wears Prada 2,2026
2026-05-07,Jackpot!,2024
2026-05-13,Mortal Kombat II,2026
2026-05-17,The Sheep Detectives,2026
2026-05-26,Crime 101,2026
2026-05-27,Klute,1971
2026-06-13,9 Songs,2004
2026-06-15,The Handmaiden,2016
2026-06-18,Masters of the Universe,2026
2026-06-25,Supergirl,2026
2026-07-06,"You, Me & Tuscany",2026
2026-07-21,The Odyssey,2026
2026-07-22,The Birds,1963
2026-07-23,Descendants: Wicked Wonderland,2026
2026-07-24,The Invite,2026
2026-07-26,Hadestown: The Musical,2026
2026-08-04,Spider-Man: Brand New Day,2026
2026-08-20,SIX: The Musical Live!,2025
2026-08-23,Roofman,2025
2026-08-24,Power Ballad,2026
2026-08-27,Mutiny,2026
2026-08-27,Spa Weekend,2026
2026-08-30,The Nice Guys,2016
2026-09-08,Coyote vs. Acme,2026
2026-09-21,American Outlaws,2001
2026-09-21,Anna,2019
2026-09-21,Bad Boys: Ride or Die,2024
2026-09-25,Roman Holiday,1953
2026-09-25,One Night Only,2026
2026-09-26,Match Point,2005
2026-09-26,Vicky Cristina Barcelona,2008
2026-09-26,Sabrina,1954
2026-09-28,Practical Magic 2,2026
2026-10-02,Paris When It Sizzles,1964
